CVT,1844,,
1/m,100,1/cm,1/Length
1/day,365.25,1/yr,1/Time
mCi,0.001,Ci,Activity
nCi,0.000000001,Ci,Activity
pCi,1.00E-12,Ci,Activity
uCi,0.000001,Ci,Activity
Ci,0.001,kCi,Activity
mCi,0.000001,kCi,Activity
nCi,1.00E-12,kCi,Activity
pCi,1.00E-15,kCi,Activity
uCi,0.000000001,kCi,Activity
nCi,0.000001,mCi,Activity
pCi,0.000000001,mCi,Activity
uCi,0.001,mCi,Activity
pCi,0.001,nCi,Activity
nCi,0.001,uCi,Activity
pCi,0.000001,uCi,Activity
rad/day,1,rad/day,Radiation Dose Rate
rad/day per Bq/kg,1,rad/day per Bq/kg,Biota Dose Conversion Factor
mg/kg per mg/L,1,mg/kg per mg/L,Water-Plant Transfer Factor
Bq/m^2/yr,3.168896E-08,(Bq/m^2)/s,Activity/Area/Time
kg/m^2/yr,3.168896E-08,(kg/m^2)/s,Mass/Area/Time
Ci/mL,37000000000,Bq/mL,Activity/LiquidVolume
kCi/mL,3.70E+13,Bq/mL,Activity/LiquidVolume
mCi/mL,37000000,Bq/mL,Activity/LiquidVolume
nCi/mL,37,Bq/mL,Activity/LiquidVolume
pCi/mL,0.037,Bq/mL,Activity/LiquidVolume
uCi/mL,37000,Bq/mL,Activity/LiquidVolume
kCi/mL,1000,Ci/mL,Activity/LiquidVolume
mCi/mL,0.001,Ci/mL,Activity/LiquidVolume
nCi/mL,0.000000001,Ci/mL,Activity/LiquidVolume
pCi/mL,1.00E-12,Ci/mL,Activity/LiquidVolume
uCi/mL,0.000001,Ci/mL,Activity/LiquidVolume
mCi/mL,0.000001,kCi/mL,Activity/LiquidVolume
nCi/mL,1.00E-12,kCi/mL,Activity/LiquidVolume
pCi/mL,1.00E-15,kCi/mL,Activity/LiquidVolume
uCi/mL,0.000000001,kCi/mL,Activity/LiquidVolume
nCi/mL,0.000001,mCi/mL,Activity/LiquidVolume
pCi/mL,0.000000001,mCi/mL,Activity/LiquidVolume
uCi/mL,0.001,mCi/mL,Activity/LiquidVolume
pCi/mL,0.001,nCi/mL,Activity/LiquidVolume
uCi/mL,1000,nCi/mL,Activity/LiquidVolume
uCi/mL,1000000,pCi/mL,Activity/LiquidVolume
Bq/kg,0.001,Bq/g,Activity/Mass
mCi/g,37000000,Bq/g,Activity/Mass
mCi/kg,37000,Bq/g,Activity/Mass
pCi/g,0.037,Bq/g,Activity/Mass
pCi/kg,0.000037,Bq/g,Activity/Mass
mCi/g,37000000000,Bq/kg,Activity/Mass
mCi/kg,37000000,Bq/kg,Activity/Mass
pCi/g,37,Bq/kg,Activity/Mass
pCi/kg,0.037,Bq/kg,Activity/Mass
mCi/kg,0.001,mCi/g,Activity/Mass
pCi/g,0.000000001,mCi/g,Activity/Mass
pCi/kg,1.00E-12,mCi/g,Activity/Mass
pCi/g,0.000001,mCi/kg,Activity/Mass
pCi/kg,0.000000001,mCi/kg,Activity/Mass
pCi/kg,0.001,pCi/g,Activity/Mass
Bq/hr,24,Bq/day,Activity/Time
Bq/sec,86400,Bq/day,Activity/Time
Bq/yr,0.002737851,Bq/day,Activity/Time
Ci/day,37000000000,Bq/day,Activity/Time
Ci/hr,8.88E+11,Bq/day,Activity/Time
Ci/sec,3.20E+15,Bq/day,Activity/Time
Ci/yr,101300479.1,Bq/day,Activity/Time
pCi/day,0.037,Bq/day,Activity/Time
pCi/hr,0.888,Bq/day,Activity/Time
pCi/sec,3196.8,Bq/day,Activity/Time
pCi/yr,0.0001013,Bq/day,Activity/Time
Bq/sec,3600,Bq/hr,Activity/Time
Bq/yr,0.000114077,Bq/hr,Activity/Time
Ci/day,1541666667,Bq/hr,Activity/Time
Ci/hr,37000000000,Bq/hr,Activity/Time
Ci/sec,1.33E+14,Bq/hr,Activity/Time
Ci/yr,4220853.297,Bq/hr,Activity/Time
pCi/day,0.001541667,Bq/hr,Activity/Time
pCi/hr,0.037,Bq/hr,Activity/Time
pCi/sec,133.2,Bq/hr,Activity/Time
pCi/yr,4.22E-06,Bq/hr,Activity/Time
Bq/yr,3.17E-08,Bq/sec,Activity/Time
Ci/day,428240.7407,Bq/sec,Activity/Time
Ci/hr,10277777.78,Bq/sec,Activity/Time
Ci/sec,37000000000,Bq/sec,Activity/Time
Ci/yr,1172.459249,Bq/sec,Activity/Time
pCi/day,4.28E-07,Bq/sec,Activity/Time
pCi/hr,1.03E-05,Bq/sec,Activity/Time
pCi/sec,0.037,Bq/sec,Activity/Time
pCi/yr,1.17E-09,Bq/sec,Activity/Time
Ci/day,1.35E+13,Bq/yr,Activity/Time
Ci/hr,3.24E+14,Bq/yr,Activity/Time
Ci/sec,1.17E+18,Bq/yr,Activity/Time
Ci/yr,37000000000,Bq/yr,Activity/Time
pCi/day,13.51425,Bq/yr,Activity/Time
pCi/hr,324.342,Bq/yr,Activity/Time
pCi/sec,1167631.2,Bq/yr,Activity/Time
pCi/yr,0.037,Bq/yr,Activity/Time
Ci/hr,24,Ci/day,Activity/Time
Ci/sec,86400,Ci/day,Activity/Time
Ci/yr,0.002737851,Ci/day,Activity/Time
pCi/day,1.00E-12,Ci/day,Activity/Time
pCi/hr,2.40E-11,Ci/day,Activity/Time
pCi/sec,8.64E-08,Ci/day,Activity/Time
pCi/yr,2.74E-15,Ci/day,Activity/Time
Ci/sec,3600,Ci/hr,Activity/Time
Ci/yr,0.000114077,Ci/hr,Activity/Time
pCi/day,4.17E-14,Ci/hr,Activity/Time
pCi/hr,1.00E-12,Ci/hr,Activity/Time
pCi/sec,3.60E-09,Ci/hr,Activity/Time
pCi/yr,1.14E-16,Ci/hr,Activity/Time
Ci/yr,3.17E-08,Ci/sec,Activity/Time
pCi/day,1.16E-17,Ci/sec,Activity/Time
pCi/hr,2.78E-16,Ci/sec,Activity/Time
pCi/sec,1.00E-12,Ci/sec,Activity/Time
pCi/yr,3.17E-20,Ci/sec,Activity/Time
pCi/day,3.65E-10,Ci/yr,Activity/Time
pCi/hr,8.77E-09,Ci/yr,Activity/Time
pCi/sec,3.16E-05,Ci/yr,Activity/Time
pCi/yr,1.00E-12,Ci/yr,Activity/Time
pCi/hr,24,pCi/day,Activity/Time
pCi/sec,86400,pCi/day,Activity/Time
pCi/yr,0.002737851,pCi/day,Activity/Time
pCi/sec,3600,pCi/hr,Activity/Time
pCi/yr,0.000114077,pCi/hr,Activity/Time
pCi/yr,3.17E-08,pCi/sec,Activity/Time
Bq/m^3,0.000001,Bq/cm^3,Activity/Volume
Ci/cm^3,37000000000,Bq/cm^3,Activity/Volume
Ci/m^3,37000,Bq/cm^3,Activity/Volume
nCi/cm^3,37,Bq/cm^3,Activity/Volume
nCi/m^3,0.000037,Bq/cm^3,Activity/Volume
pCi/cm^3,0.037,Bq/cm^3,Activity/Volume
pCi/m^3,0.000000037,Bq/cm^3,Activity/Volume
Ci/cm^3,3.70E+16,Bq/m^3,Activity/Volume
Ci/m^3,37000000000,Bq/m^3,Activity/Volume
nCi/cm^3,37000000,Bq/m^3,Activity/Volume
nCi/m^3,37,Bq/m^3,Activity/Volume
pCi/cm^3,37000,Bq/m^3,Activity/Volume
pCi/m^3,0.037,Bq/m^3,Activity/Volume
Ci/m^3,0.000001,Ci/cm^3,Activity/Volume
nCi/cm^3,0.000000001,Ci/cm^3,Activity/Volume
nCi/m^3,1.00E-15,Ci/cm^3,Activity/Volume
pCi/cm^3,1.00E-12,Ci/cm^3,Activity/Volume
pCi/m^3,1.00E-18,Ci/cm^3,Activity/Volume
nCi/cm^3,0.001,Ci/m^3,Activity/Volume
nCi/m^3,0.000000001,Ci/m^3,Activity/Volume
pCi/cm^3,0.000001,Ci/m^3,Activity/Volume
pCi/m^3,1.00E-12,Ci/m^3,Activity/Volume
nCi/m^3,0.000001,nCi/cm^3,Activity/Volume
pCi/cm^3,0.001,nCi/cm^3,Activity/Volume
pCi/m^3,0.000000001,nCi/cm^3,Activity/Volume
pCi/cm^3,1000,nCi/m^3,Activity/Volume
pCi/m^3,0.001,nCi/m^3,Activity/Volume
pCi/m^3,0.000001,pCi/cm^3,Activity/Volume
mg/kg per mg/kg,1,mg/kg per mg/kg,Air-Plant Transfer Factor
deg,1,degree,Angular Length
m^2,10000,cm^2,Area
m2,10000,cm^2,Area
m^2,1,m2,Area
cm^2/s,1,cm^2/sec,Area/Time
J/kg K,1,J/kg degK,Entropy
evt/day,1,event/day,Events/Time
Jhr,1,Julian hr,Julian Time
ft,30.48,cm,Length
in,2.54,cm,Length
km,100000,cm,Length
m,100,cm,Length
mi,160934.4,cm,Length
Nmi,185200,cm,Length
yd,91.44000003,cm,Length
mi,5280,ft,Length
Nmi,6076.115486,ft,Length
yd,3.000000001,ft,Length
ft,12,in,Length
mi,63360,in,Length
Nmi,72913.38583,in,Length
yd,36.00000001,in,Length
ft,0.0003048,km,Length
in,0.0000254,km,Length
mi,1.609344,km,Length
Nmi,1.852,km,Length
yd,0.0009144,km,Length
ft,0.3048,m,Length
in,0.0254,m,Length
km,1000,m,Length
mi,1609.344,m,Length
Nmi,1852,m,Length
yd,0.9144,m,Length
Nmi,1.150779448,mi,Length
cm,10,mm,Length
ft,304.8,mm,Length
in,25.4,mm,Length
km,1000000,mm,Length
m,1000,mm,Length
mi,1609344,mm,Length
Nmi,1852000,mm,Length
yd,914.4000003,mm,Length
cm,10000,um,Length
ft,304800,um,Length
in,25400,um,Length
km,1000000000,um,Length
m,1000000,um,Length
mi,1609344000,um,Length
mm,1000,um,Length
Nmi,1852000000,um,Length
yd,914400.0003,um,Length
mi,1759.999999,yd,Length
Nmi,2025.371828,yd,Length
cm/hr,24,cm/day,Length/Time
cm/sec,86400,cm/day,Length/Time
ft/day,30.48,cm/day,Length/Time
ft/hr,731.52,cm/day,Length/Time
ft/sec,2633472,cm/day,Length/Time
ft/yr,0.083449692,cm/day,Length/Time
in/day,2.54,cm/day,Length/Time
in/hr,60.96,cm/day,Length/Time
in/sec,219456,cm/day,Length/Time
in/yr,0.006954141,cm/day,Length/Time
km/day,100000,cm/day,Length/Time
km/hr,2400000,cm/day,Length/Time
km/sec,8640000000,cm/day,Length/Time
km/yr,273.7850787,cm/day,Length/Time
m/day,100,cm/day,Length/Time
m/hr,2400,cm/day,Length/Time
m/s,8640000,cm/day,Length/Time
m/sec,8640000,cm/day,Length/Time
m/yr,0.273785079,cm/day,Length/Time
mi/day,160934.4,cm/day,Length/Time
mi/hr,3862425.6,cm/day,Length/Time
mi/sec,13904732160,cm/day,Length/Time
mi/yr,440.6143737,cm/day,Length/Time
mm/d,0.1,cm/day,Length/Time
mm/day,0.1,cm/day,Length/Time
mm/hr,2.4,cm/day,Length/Time
mm/sec,8640,cm/day,Length/Time
mm/yr,0.000273785,cm/day,Length/Time
yd/day,91.44000003,cm/day,Length/Time
yd/hr,2194.560001,cm/day,Length/Time
yd/sec,7900416.003,cm/day,Length/Time
yd/yr,0.250349076,cm/day,Length/Time
cm/sec,3600,cm/hr,Length/Time
ft/day,1.27,cm/hr,Length/Time
ft/hr,30.48,cm/hr,Length/Time
ft/sec,109728,cm/hr,Length/Time
ft/yr,0.00347707,cm/hr,Length/Time
in/day,0.105833333,cm/hr,Length/Time
in/hr,2.54,cm/hr,Length/Time
in/sec,9144,cm/hr,Length/Time
in/yr,0.000289756,cm/hr,Length/Time
km/day,4166.666667,cm/hr,Length/Time
km/hr,100000,cm/hr,Length/Time
km/sec,360000000,cm/hr,Length/Time
km/yr,11.40771161,cm/hr,Length/Time
m/day,4.166666667,cm/hr,Length/Time
m/hr,100,cm/hr,Length/Time
m/s,360000,cm/hr,Length/Time
m/sec,360000,cm/hr,Length/Time
m/yr,0.011407712,cm/hr,Length/Time
mi/day,6705.6,cm/hr,Length/Time
mi/hr,160934.4,cm/hr,Length/Time
mi/sec,579363840,cm/hr,Length/Time
mi/yr,18.35893224,cm/hr,Length/Time
mm/d,0.004166667,cm/hr,Length/Time
mm/day,0.004166667,cm/hr,Length/Time
mm/hr,0.1,cm/hr,Length/Time
mm/sec,360,cm/hr,Length/Time
mm/yr,1.14E-05,cm/hr,Length/Time
yd/day,3.810000001,cm/hr,Length/Time
yd/hr,91.44000003,cm/hr,Length/Time
yd/sec,329184.0001,cm/hr,Length/Time
yd/yr,0.010431212,cm/hr,Length/Time
ft/day,0.000352778,cm/sec,Length/Time
ft/hr,0.008466667,cm/sec,Length/Time
ft/sec,30.48,cm/sec,Length/Time
ft/yr,9.66E-07,cm/sec,Length/Time
in/day,2.94E-05,cm/sec,Length/Time
in/hr,0.000705556,cm/sec,Length/Time
in/sec,2.54,cm/sec,Length/Time
in/yr,8.05E-08,cm/sec,Length/Time
km/day,1.157407407,cm/sec,Length/Time
km/hr,27.77777778,cm/sec,Length/Time
km/sec,100000,cm/sec,Length/Time
km/yr,0.003168809,cm/sec,Length/Time
m/day,0.001157407,cm/sec,Length/Time
m/hr,0.027777778,cm/sec,Length/Time
m/s,100,cm/sec,Length/Time
m/sec,100,cm/sec,Length/Time
m/yr,3.17E-06,cm/sec,Length/Time
mi/day,1.862666667,cm/sec,Length/Time
mi/hr,44.704,cm/sec,Length/Time
mi/sec,160934.4,cm/sec,Length/Time
mi/yr,0.005099703,cm/sec,Length/Time
mm/d,1.16E-06,cm/sec,Length/Time
mm/day,1.16E-06,cm/sec,Length/Time
mm/hr,2.78E-05,cm/sec,Length/Time
mm/sec,0.1,cm/sec,Length/Time
mm/yr,3.17E-09,cm/sec,Length/Time
yd/day,0.001058333,cm/sec,Length/Time
yd/hr,0.0254,cm/sec,Length/Time
yd/sec,91.44000003,cm/sec,Length/Time
yd/yr,2.90E-06,cm/sec,Length/Time
cm/day,365.25,cm/yr,Length/Time
cm/hr,8766,cm/yr,Length/Time
cm/sec,31557600,cm/yr,Length/Time
ft/day,11132.82,cm/yr,Length/Time
ft/hr,267187.68,cm/yr,Length/Time
ft/sec,961875648,cm/yr,Length/Time
ft/yr,30.48,cm/yr,Length/Time
in/day,927.735,cm/yr,Length/Time
in/hr,22265.64,cm/yr,Length/Time
in/sec,80156304,cm/yr,Length/Time
in/yr,2.54,cm/yr,Length/Time
km/day,36525000,cm/yr,Length/Time
km/hr,876600000,cm/yr,Length/Time
km/sec,3.16E+12,cm/yr,Length/Time
km/yr,100000,cm/yr,Length/Time
m/day,36525,cm/yr,Length/Time
m/hr,876600,cm/yr,Length/Time
m/s,3155760000,cm/yr,Length/Time
m/sec,3155760000,cm/yr,Length/Time
m/yr,100,cm/yr,Length/Time
mi/day,58781289.6,cm/yr,Length/Time
mi/hr,1410750950,cm/yr,Length/Time
mi/sec,5.08E+12,cm/yr,Length/Time
mi/yr,160934.4,cm/yr,Length/Time
mm/d,36.525,cm/yr,Length/Time
mm/day,36.525,cm/yr,Length/Time
mm/hr,876.6,cm/yr,Length/Time
mm/sec,3155760,cm/yr,Length/Time
mm/yr,0.1,cm/yr,Length/Time
yd/day,33398.46001,cm/yr,Length/Time
yd/hr,801563.0403,cm/yr,Length/Time
yd/sec,2885626945,cm/yr,Length/Time
yd/yr,91.44000003,cm/yr,Length/Time
ft/hr,24,ft/day,Length/Time
ft/sec,86400,ft/day,Length/Time
in/day,0.083333333,ft/day,Length/Time
in/hr,2,ft/day,Length/Time
in/sec,7200,ft/day,Length/Time
in/yr,0.000228154,ft/day,Length/Time
km/day,3280.839895,ft/day,Length/Time
km/hr,78740.15748,ft/day,Length/Time
km/sec,283464566.9,ft/day,Length/Time
km/yr,8.982450089,ft/day,Length/Time
m/day,3.280839895,ft/day,Length/Time
m/hr,78.74015748,ft/day,Length/Time
m/s,283464.5669,ft/day,Length/Time
m/sec,283464.5669,ft/day,Length/Time
m/yr,0.00898245,ft/day,Length/Time
mi/day,5280,ft/day,Length/Time
mi/hr,126720,ft/day,Length/Time
mi/sec,456192000,ft/day,Length/Time
mi/yr,14.45585216,ft/day,Length/Time
mm/d,0.00328084,ft/day,Length/Time
mm/day,0.00328084,ft/day,Length/Time
mm/hr,0.078740157,ft/day,Length/Time
mm/sec,283.4645669,ft/day,Length/Time
mm/yr,8.98E-06,ft/day,Length/Time
yd/day,3.000000001,ft/day,Length/Time
yd/hr,72.00000002,ft/day,Length/Time
yd/sec,259200.0001,ft/day,Length/Time
yd/yr,0.008213552,ft/day,Length/Time
ft/sec,3600,ft/hr,Length/Time
in/day,0.003472222,ft/hr,Length/Time
in/hr,0.083333333,ft/hr,Length/Time
in/sec,300,ft/hr,Length/Time
in/yr,9.51E-06,ft/hr,Length/Time
km/day,136.7016623,ft/hr,Length/Time
km/hr,3280.839895,ft/hr,Length/Time
km/sec,11811023.62,ft/hr,Length/Time
km/yr,0.374268754,ft/hr,Length/Time
m/day,0.136701662,ft/hr,Length/Time
m/hr,3.280839895,ft/hr,Length/Time
m/s,11811.02362,ft/hr,Length/Time
m/sec,11811.02362,ft/hr,Length/Time
m/yr,0.000374269,ft/hr,Length/Time
mi/day,220,ft/hr,Length/Time
mi/hr,5280,ft/hr,Length/Time
mi/sec,19008000,ft/hr,Length/Time
mi/yr,0.602327173,ft/hr,Length/Time
mm/d,0.000136702,ft/hr,Length/Time
mm/day,0.000136702,ft/hr,Length/Time
mm/hr,0.00328084,ft/hr,Length/Time
mm/sec,11.81102362,ft/hr,Length/Time
mm/yr,3.74E-07,ft/hr,Length/Time
yd/day,0.125,ft/hr,Length/Time
yd/hr,3.000000001,ft/hr,Length/Time
yd/sec,10800,ft/hr,Length/Time
yd/yr,0.000342231,ft/hr,Length/Time
in/day,9.65E-07,ft/sec,Length/Time
in/hr,2.31E-05,ft/sec,Length/Time
in/sec,0.083333333,ft/sec,Length/Time
in/yr,2.64E-09,ft/sec,Length/Time
km/day,0.037972684,ft/sec,Length/Time
km/hr,0.911344415,ft/sec,Length/Time
km/sec,3280.839895,ft/sec,Length/Time
km/yr,0.000103964,ft/sec,Length/Time
m/day,3.80E-05,ft/sec,Length/Time
m/hr,0.000911344,ft/sec,Length/Time
m/s,3.280839895,ft/sec,Length/Time
m/sec,3.280839895,ft/sec,Length/Time
m/yr,1.04E-07,ft/sec,Length/Time
mi/day,0.061111111,ft/sec,Length/Time
mi/hr,1.466666667,ft/sec,Length/Time
mi/sec,5280,ft/sec,Length/Time
mi/yr,0.000167313,ft/sec,Length/Time
mm/d,3.80E-08,ft/sec,Length/Time
mm/day,3.80E-08,ft/sec,Length/Time
mm/hr,9.11E-07,ft/sec,Length/Time
mm/sec,0.00328084,ft/sec,Length/Time
mm/yr,1.04E-10,ft/sec,Length/Time
yd/day,3.47E-05,ft/sec,Length/Time
yd/hr,0.000833333,ft/sec,Length/Time
yd/sec,3.000000001,ft/sec,Length/Time
yd/yr,9.51E-08,ft/sec,Length/Time
ft/day,365.25,ft/yr,Length/Time
ft/hr,8766,ft/yr,Length/Time
ft/sec,31557600,ft/yr,Length/Time
in/day,30.4375,ft/yr,Length/Time
in/hr,730.5,ft/yr,Length/Time
in/sec,2629800,ft/yr,Length/Time
in/yr,0.083333333,ft/yr,Length/Time
km/day,1198326.772,ft/yr,Length/Time
km/hr,28759842.52,ft/yr,Length/Time
km/sec,1.04E+11,ft/yr,Length/Time
km/yr,3280.839895,ft/yr,Length/Time
m/day,1198.326772,ft/yr,Length/Time
m/hr,28759.84252,ft/yr,Length/Time
m/s,103535433.1,ft/yr,Length/Time
m/sec,103535433.1,ft/yr,Length/Time
m/yr,3.280839895,ft/yr,Length/Time
mi/day,1928520,ft/yr,Length/Time
mi/hr,46284480,ft/yr,Length/Time
mi/sec,1.67E+11,ft/yr,Length/Time
mi/yr,5280,ft/yr,Length/Time
mm/d,1.198326772,ft/yr,Length/Time
mm/day,1.198326772,ft/yr,Length/Time
mm/hr,28.75984252,ft/yr,Length/Time
mm/sec,103535.4331,ft/yr,Length/Time
mm/yr,0.00328084,ft/yr,Length/Time
yd/day,1095.75,ft/yr,Length/Time
yd/hr,26298.00001,ft/yr,Length/Time
yd/sec,94672800.03,ft/yr,Length/Time
yd/yr,3.000000001,ft/yr,Length/Time
in/hr,24,in/day,Length/Time
in/sec,86400,in/day,Length/Time
km/day,39370.07874,in/day,Length/Time
km/hr,944881.8898,in/day,Length/Time
km/sec,3401574803,in/day,Length/Time
km/yr,107.7894011,in/day,Length/Time
m/day,39.37007874,in/day,Length/Time
m/hr,944.8818898,in/day,Length/Time
m/s,3401574.803,in/day,Length/Time
m/sec,3401574.803,in/day,Length/Time
m/yr,0.107789401,in/day,Length/Time
mi/day,63360,in/day,Length/Time
mi/hr,1520640,in/day,Length/Time
mi/sec,5474304000,in/day,Length/Time
mi/yr,173.4702259,in/day,Length/Time
mm/d,0.039370079,in/day,Length/Time
mm/day,0.039370079,in/day,Length/Time
mm/hr,0.94488189,in/day,Length/Time
mm/sec,3401.574803,in/day,Length/Time
mm/yr,0.000107789,in/day,Length/Time
yd/day,36.00000001,in/day,Length/Time
yd/hr,864.0000003,in/day,Length/Time
yd/sec,3110400.001,in/day,Length/Time
yd/yr,0.098562628,in/day,Length/Time
in/sec,3600,in/hr,Length/Time
km/day,1640.419948,in/hr,Length/Time
km/hr,39370.07874,in/hr,Length/Time
km/sec,141732283.5,in/hr,Length/Time
km/yr,4.491225045,in/hr,Length/Time
m/day,1.640419948,in/hr,Length/Time
m/hr,39.37007874,in/hr,Length/Time
m/s,141732.2835,in/hr,Length/Time
m/sec,141732.2835,in/hr,Length/Time
m/yr,0.004491225,in/hr,Length/Time
mi/day,2640,in/hr,Length/Time
mi/hr,63360,in/hr,Length/Time
mi/sec,228096000,in/hr,Length/Time
mi/yr,7.227926078,in/hr,Length/Time
mm/d,0.00164042,in/hr,Length/Time
mm/day,0.00164042,in/hr,Length/Time
mm/hr,0.039370079,in/hr,Length/Time
mm/sec,141.7322835,in/hr,Length/Time
mm/yr,4.49E-06,in/hr,Length/Time
yd/day,1.5,in/hr,Length/Time
yd/hr,36.00000001,in/hr,Length/Time
yd/sec,129600,in/hr,Length/Time
yd/yr,0.004106776,in/hr,Length/Time
km/day,0.455672208,in/sec,Length/Time
km/hr,10.93613298,in/sec,Length/Time
km/sec,39370.07874,in/sec,Length/Time
km/yr,0.001247563,in/sec,Length/Time
m/day,0.000455672,in/sec,Length/Time
m/hr,0.010936133,in/sec,Length/Time
m/s,39.37007874,in/sec,Length/Time
m/sec,39.37007874,in/sec,Length/Time
m/yr,1.25E-06,in/sec,Length/Time
mi/day,0.733333333,in/sec,Length/Time
mi/hr,17.6,in/sec,Length/Time
mi/sec,63360,in/sec,Length/Time
mi/yr,0.002007757,in/sec,Length/Time
mm/d,4.56E-07,in/sec,Length/Time
mm/day,4.56E-07,in/sec,Length/Time
mm/hr,1.09E-05,in/sec,Length/Time
mm/sec,0.039370079,in/sec,Length/Time
mm/yr,1.25E-09,in/sec,Length/Time
yd/day,0.000416667,in/sec,Length/Time
yd/hr,0.01,in/sec,Length/Time
yd/sec,36.00000001,in/sec,Length/Time
yd/yr,1.14E-06,in/sec,Length/Time
in/day,365.25,in/yr,Length/Time
in/hr,8766,in/yr,Length/Time
in/sec,31557600,in/yr,Length/Time
km/day,14379921.26,in/yr,Length/Time
km/hr,345118110.2,in/yr,Length/Time
km/sec,1.24E+12,in/yr,Length/Time
km/yr,39370.07874,in/yr,Length/Time
m/day,14379.92126,in/yr,Length/Time
m/hr,345118.1102,in/yr,Length/Time
m/s,1242425197,in/yr,Length/Time
m/sec,1242425197,in/yr,Length/Time
m/yr,39.37007874,in/yr,Length/Time
mi/day,23142240,in/yr,Length/Time
mi/hr,555413760,in/yr,Length/Time
mi/sec,2.00E+12,in/yr,Length/Time
mi/yr,63360,in/yr,Length/Time
mm/d,14.37992126,in/yr,Length/Time
mm/day,14.37992126,in/yr,Length/Time
mm/hr,345.1181102,in/yr,Length/Time
mm/sec,1242425.197,in/yr,Length/Time
mm/yr,0.039370079,in/yr,Length/Time
yd/day,13149,in/yr,Length/Time
yd/hr,315576.0001,in/yr,Length/Time
yd/sec,1136073600,in/yr,Length/Time
yd/yr,36.00000001,in/yr,Length/Time
km/hr,24,km/day,Length/Time
km/sec,86400,km/day,Length/Time
m/day,0.001,km/day,Length/Time
m/hr,0.024,km/day,Length/Time
m/s,86.4,km/day,Length/Time
m/sec,86.4,km/day,Length/Time
m/yr,2.74E-06,km/day,Length/Time
mi/day,1.609344,km/day,Length/Time
mi/hr,38.624256,km/day,Length/Time
mi/sec,139047.3216,km/day,Length/Time
mi/yr,0.004406144,km/day,Length/Time
mm/d,0.000001,km/day,Length/Time
mm/day,0.000001,km/day,Length/Time
mm/hr,0.000024,km/day,Length/Time
mm/sec,0.0864,km/day,Length/Time
mm/yr,2.74E-09,km/day,Length/Time
yd/day,0.0009144,km/day,Length/Time
yd/hr,0.0219456,km/day,Length/Time
yd/sec,79.00416003,km/day,Length/Time
yd/yr,2.50E-06,km/day,Length/Time
km/sec,3600,km/hr,Length/Time
m/day,4.17E-05,km/hr,Length/Time
m/hr,0.001,km/hr,Length/Time
m/s,3.6,km/hr,Length/Time
m/sec,3.6,km/hr,Length/Time
m/yr,1.14E-07,km/hr,Length/Time
mi/day,0.067056,km/hr,Length/Time
mi/hr,1.609344,km/hr,Length/Time
mi/sec,5793.6384,km/hr,Length/Time
mi/yr,0.000183589,km/hr,Length/Time
mm/d,4.17E-08,km/hr,Length/Time
mm/day,4.17E-08,km/hr,Length/Time
mm/hr,0.000001,km/hr,Length/Time
mm/sec,0.0036,km/hr,Length/Time
mm/yr,1.14E-10,km/hr,Length/Time
yd/day,3.81E-05,km/hr,Length/Time
yd/hr,0.0009144,km/hr,Length/Time
yd/sec,3.291840001,km/hr,Length/Time
yd/yr,1.04E-07,km/hr,Length/Time
m/day,1.16E-08,km/sec,Length/Time
m/hr,2.78E-07,km/sec,Length/Time
m/s,0.001,km/sec,Length/Time
m/sec,0.001,km/sec,Length/Time
m/yr,3.17E-11,km/sec,Length/Time
mi/day,1.86E-05,km/sec,Length/Time
mi/hr,0.00044704,km/sec,Length/Time
mi/sec,1.609344,km/sec,Length/Time
mi/yr,5.10E-08,km/sec,Length/Time
mm/d,1.16E-11,km/sec,Length/Time
mm/day,1.16E-11,km/sec,Length/Time
mm/hr,2.78E-10,km/sec,Length/Time
mm/sec,0.000001,km/sec,Length/Time
mm/yr,3.17E-14,km/sec,Length/Time
yd/day,1.06E-08,km/sec,Length/Time
yd/hr,2.54E-07,km/sec,Length/Time
yd/sec,0.0009144,km/sec,Length/Time
yd/yr,2.90E-11,km/sec,Length/Time
km/day,365.25,km/yr,Length/Time
km/hr,8766,km/yr,Length/Time
km/sec,31557600,km/yr,Length/Time
m/day,0.36525,km/yr,Length/Time
m/hr,8.766,km/yr,Length/Time
m/s,31557.6,km/yr,Length/Time
m/sec,31557.6,km/yr,Length/Time
m/yr,0.001,km/yr,Length/Time
mi/day,587.812896,km/yr,Length/Time
mi/hr,14107.5095,km/yr,Length/Time
mi/sec,50787034.21,km/yr,Length/Time
mi/yr,1.609344,km/yr,Length/Time
mm/d,0.00036525,km/yr,Length/Time
mm/day,0.00036525,km/yr,Length/Time
mm/hr,0.008766,km/yr,Length/Time
mm/sec,31.5576,km/yr,Length/Time
mm/yr,0.000001,km/yr,Length/Time
yd/day,0.3339846,km/yr,Length/Time
yd/hr,8.015630403,km/yr,Length/Time
yd/sec,28856.26945,km/yr,Length/Time
yd/yr,0.0009144,km/yr,Length/Time
m/hr,24,m/day,Length/Time
m/s,86400,m/day,Length/Time
m/sec,86400,m/day,Length/Time
mi/day,1609.344,m/day,Length/Time
mi/hr,38624.256,m/day,Length/Time
mi/sec,139047321.6,m/day,Length/Time
mi/yr,4.406143737,m/day,Length/Time
mm/d,0.001,m/day,Length/Time
mm/day,0.001,m/day,Length/Time
mm/hr,0.024,m/day,Length/Time
mm/sec,86.4,m/day,Length/Time
mm/yr,2.74E-06,m/day,Length/Time
yd/day,0.9144,m/day,Length/Time
yd/hr,21.94560001,m/day,Length/Time
yd/sec,79004.16003,m/day,Length/Time
yd/yr,0.002503491,m/day,Length/Time
m/s,3600,m/hr,Length/Time
m/sec,3600,m/hr,Length/Time
mi/day,67.056,m/hr,Length/Time
mi/hr,1609.344,m/hr,Length/Time
mi/sec,5793638.4,m/hr,Length/Time
mi/yr,0.183589322,m/hr,Length/Time
mm/d,4.17E-05,m/hr,Length/Time
mm/day,4.17E-05,m/hr,Length/Time
mm/hr,0.001,m/hr,Length/Time
mm/sec,3.6,m/hr,Length/Time
mm/yr,1.14E-07,m/hr,Length/Time
yd/day,0.0381,m/hr,Length/Time
yd/hr,0.9144,m/hr,Length/Time
yd/sec,3291.840001,m/hr,Length/Time
yd/yr,0.000104312,m/hr,Length/Time
mi/day,0.018626667,m/s,Length/Time
mi/hr,0.44704,m/s,Length/Time
mi/sec,1609.344,m/s,Length/Time
mi/yr,5.10E-05,m/s,Length/Time
mm/d,1.16E-08,m/s,Length/Time
mm/day,1.16E-08,m/s,Length/Time
mm/hr,2.78E-07,m/s,Length/Time
mm/sec,0.001,m/s,Length/Time
mm/yr,3.17E-11,m/s,Length/Time
yd/day,1.06E-05,m/s,Length/Time
yd/hr,0.000254,m/s,Length/Time
yd/sec,0.9144,m/s,Length/Time
yd/yr,2.90E-08,m/s,Length/Time
m/s,1.00E+00,m/sec,Length/Time
mi/day,0.018626667,m/sec,Length/Time
mi/hr,0.44704,m/sec,Length/Time
mi/sec,1609.344,m/sec,Length/Time
mi/yr,5.10E-05,m/sec,Length/Time
mm/d,1.16E-08,m/sec,Length/Time
mm/day,1.16E-08,m/sec,Length/Time
mm/hr,2.78E-07,m/sec,Length/Time
mm/sec,0.001,m/sec,Length/Time
mm/yr,3.17E-11,m/sec,Length/Time
yd/day,1.06E-05,m/sec,Length/Time
yd/hr,0.000254,m/sec,Length/Time
yd/sec,0.9144,m/sec,Length/Time
yd/yr,2.90E-08,m/sec,Length/Time
m/day,365.25,m/yr,Length/Time
m/hr,8766,m/yr,Length/Time
m/s,31557600,m/yr,Length/Time
m/sec,31557600,m/yr,Length/Time
mi/day,587812.896,m/yr,Length/Time
mi/hr,14107509.5,m/yr,Length/Time
mi/sec,50787034214,m/yr,Length/Time
mi/yr,1609.344,m/yr,Length/Time
mm/d,0.36525,m/yr,Length/Time
mm/day,0.36525,m/yr,Length/Time
mm/hr,8.766,m/yr,Length/Time
mm/sec,31557.6,m/yr,Length/Time
mm/yr,0.001,m/yr,Length/Time
yd/day,333.9846001,m/yr,Length/Time
yd/hr,8015.630403,m/yr,Length/Time
yd/sec,28856269.45,m/yr,Length/Time
yd/yr,0.9144,m/yr,Length/Time
mi/hr,24,mi/day,Length/Time
mi/sec,86400,mi/day,Length/Time
mm/d,6.21E-07,mi/day,Length/Time
mm/day,6.21E-07,mi/day,Length/Time
mm/hr,1.49E-05,mi/day,Length/Time
mm/sec,0.053686471,mi/day,Length/Time
mm/yr,1.70E-09,mi/day,Length/Time
yd/day,0.000568182,mi/day,Length/Time
yd/hr,0.013636364,mi/day,Length/Time
yd/sec,49.09090911,mi/day,Length/Time
yd/yr,1.56E-06,mi/day,Length/Time
mi/sec,3600,mi/hr,Length/Time
mm/d,2.59E-08,mi/hr,Length/Time
mm/day,2.59E-08,mi/hr,Length/Time
mm/hr,6.21E-07,mi/hr,Length/Time
mm/sec,0.002236936,mi/hr,Length/Time
mm/yr,7.09E-11,mi/hr,Length/Time
yd/day,2.37E-05,mi/hr,Length/Time
yd/hr,0.000568182,mi/hr,Length/Time
yd/sec,2.045454546,mi/hr,Length/Time
yd/yr,6.48E-08,mi/hr,Length/Time
mm/d,7.19E-12,mi/sec,Length/Time
mm/day,7.19E-12,mi/sec,Length/Time
mm/hr,1.73E-10,mi/sec,Length/Time
mm/sec,6.21E-07,mi/sec,Length/Time
mm/yr,1.97E-14,mi/sec,Length/Time
yd/day,6.58E-09,mi/sec,Length/Time
yd/hr,1.58E-07,mi/sec,Length/Time
yd/sec,0.000568182,mi/sec,Length/Time
yd/yr,1.80E-11,mi/sec,Length/Time
mi/day,365.25,mi/yr,Length/Time
mi/hr,8766,mi/yr,Length/Time
mi/sec,31557600,mi/yr,Length/Time
mm/d,0.000226956,mi/yr,Length/Time
mm/day,0.000226956,mi/yr,Length/Time
mm/hr,0.00544694,mi/yr,Length/Time
mm/sec,19.60898354,mi/yr,Length/Time
mm/yr,6.21E-07,mi/yr,Length/Time
yd/day,0.207528409,mi/yr,Length/Time
yd/hr,4.98068182,mi/yr,Length/Time
yd/sec,17930.45455,mi/yr,Length/Time
yd/yr,0.000568182,mi/yr,Length/Time
mm/hr,24,mm/d,Length/Time
mm/sec,86400,mm/d,Length/Time
yd/day,914.4000003,mm/d,Length/Time
yd/hr,21945.60001,mm/d,Length/Time
yd/sec,79004160.03,mm/d,Length/Time
yd/yr,2.503490761,mm/d,Length/Time
mm/d,1,mm/day,Length/Time
mm/hr,24,mm/day,Length/Time
mm/sec,86400,mm/day,Length/Time
yd/day,914.4000003,mm/day,Length/Time
yd/hr,21945.60001,mm/day,Length/Time
yd/sec,79004160.03,mm/day,Length/Time
yd/yr,2.503490761,mm/day,Length/Time
mm/sec,3600,mm/hr,Length/Time
yd/day,38.10000001,mm/hr,Length/Time
yd/hr,914.4000003,mm/hr,Length/Time
yd/sec,3291840.001,mm/hr,Length/Time
yd/yr,0.104312115,mm/hr,Length/Time
yd/day,0.010583333,mm/sec,Length/Time
yd/hr,0.254,mm/sec,Length/Time
yd/sec,914.4000003,mm/sec,Length/Time
yd/yr,2.90E-05,mm/sec,Length/Time
mm/d,365.25,mm/yr,Length/Time
mm/day,365.25,mm/yr,Length/Time
mm/hr,8766,mm/yr,Length/Time
mm/sec,31557600,mm/yr,Length/Time
yd/day,333984.6001,mm/yr,Length/Time
yd/hr,8015630.403,mm/yr,Length/Time
yd/sec,28856269449,mm/yr,Length/Time
yd/yr,914.4000003,mm/yr,Length/Time
yd/hr,24,yd/day,Length/Time
yd/sec,86400,yd/day,Length/Time
yd/sec,3600,yd/hr,Length/Time
yd/day,365.25,yd/yr,Length/Time
yd/hr,8766,yd/yr,Length/Time
yd/sec,31557600,yd/yr,Length/Time
kL,264.1145833,gallon,Liquid Volume
mL,0.000264115,gallon,Liquid Volume
nL,2.64E-10,gallon,Liquid Volume
pL,2.64E-13,gallon,Liquid Volume
qt,0.25,gallon,Liquid Volume
uL,2.64E-07,gallon,Liquid Volume
mL,0.000001,kL,Liquid Volume
nL,1.00E-12,kL,Liquid Volume
pL,1.00E-15,kL,Liquid Volume
qt,0.000946559,kL,Liquid Volume
uL,0.000000001,kL,Liquid Volume
nL,0.000001,mL,Liquid Volume
pL,0.000000001,mL,Liquid Volume
qt,946.5588641,mL,Liquid Volume
uL,0.001,mL,Liquid Volume
pL,0.001,nL,Liquid Volume
qt,946558864.1,nL,Liquid Volume
uL,1000,nL,Liquid Volume
qt,9.47E+11,pL,Liquid Volume
uL,1000000,pL,Liquid Volume
uL,1.06E-06,qt,Liquid Volume
L/kg,0.001,L/g,LiquidVolume/Mass
L/mg,1000,L/g,LiquidVolume/Mass
L/ng,1000000000,L/g,LiquidVolume/Mass
L/pg,1.00E+12,L/g,LiquidVolume/Mass
mL/g,0.001,L/g,LiquidVolume/Mass
mL/kg,0.000001,L/g,LiquidVolume/Mass
mL/mg,1,L/g,LiquidVolume/Mass
mL/ng,1000000,L/g,LiquidVolume/Mass
mL/pg,1000000000,L/g,LiquidVolume/Mass
L/mg,1000000,L/kg,LiquidVolume/Mass
L/ng,1.00E+12,L/kg,LiquidVolume/Mass
L/pg,1.00E+15,L/kg,LiquidVolume/Mass
mL/kg,0.001,L/kg,LiquidVolume/Mass
mL/mg,1000,L/kg,LiquidVolume/Mass
mL/ng,1000000000,L/kg,LiquidVolume/Mass
mL/pg,1.00E+12,L/kg,LiquidVolume/Mass
L/ng,1000000,L/mg,LiquidVolume/Mass
L/pg,1000000000,L/mg,LiquidVolume/Mass
mL/mg,0.001,L/mg,LiquidVolume/Mass
mL/ng,1000,L/mg,LiquidVolume/Mass
mL/pg,1000000,L/mg,LiquidVolume/Mass
L/pg,1000,L/ng,LiquidVolume/Mass
mL/ng,0.001,L/ng,LiquidVolume/Mass
mL/pg,1,L/ng,LiquidVolume/Mass
mL/pg,0.001,L/pg,LiquidVolume/Mass
L/kg,1,mL/g,LiquidVolume/Mass
L/mg,1000000,mL/g,LiquidVolume/Mass
L/ng,1.00E+12,mL/g,LiquidVolume/Mass
L/pg,1.00E+15,mL/g,LiquidVolume/Mass
mL/kg,0.001,mL/g,LiquidVolume/Mass
mL/mg,1000,mL/g,LiquidVolume/Mass
mL/ng,1000000000,mL/g,LiquidVolume/Mass
mL/pg,1.00E+12,mL/g,LiquidVolume/Mass
L/mg,1000000000,mL/kg,LiquidVolume/Mass
L/ng,1.00E+15,mL/kg,LiquidVolume/Mass
L/pg,1.00E+18,mL/kg,LiquidVolume/Mass
mL/mg,1000000,mL/kg,LiquidVolume/Mass
mL/ng,1.00E+12,mL/kg,LiquidVolume/Mass
mL/pg,1.00E+15,mL/kg,LiquidVolume/Mass
L/ng,1000000000,mL/mg,LiquidVolume/Mass
L/pg,1.00E+12,mL/mg,LiquidVolume/Mass
mL/ng,1000000,mL/mg,LiquidVolume/Mass
mL/pg,1000000000,mL/mg,LiquidVolume/Mass
L/pg,1000000,mL/ng,LiquidVolume/Mass
mL/pg,1000,mL/ng,LiquidVolume/Mass
L/day,1,L/d,LiquidVolume/Time
L/hr,24,L/d,LiquidVolume/Time
L/hr,24,L/day,LiquidVolume/Time
L/m^3,1000,mL/m^3,LiquidVolume/Volume
g,0.001,kg,Mass
lb,0.45359231,kg,Mass
metric ton,1000,kg,Mass
mg,0.000001,kg,Mass
oz,0.028349515,kg,Mass
ton,907.18474,kg,Mass
ug,0.000000001,kg,Mass
g,0.002204623,lb,Mass
metric ton,2204.622915,lb,Mass
mg,2.20E-06,lb,Mass
oz,0.062499991,lb,Mass
ton,2000,lb,Mass
ug,2.20E-09,lb,Mass
g,0.000001,metric ton,Mass
mg,0.000000001,metric ton,Mass
oz,2.83E-05,metric ton,Mass
ug,1.00E-12,metric ton,Mass
g,1000,mg,Mass
oz,28349.51521,mg,Mass
ug,0.001,mg,Mass
g,0.035273972,oz,Mass
ug,3.53E-08,oz,Mass
g,1.10E-06,ton,Mass
metric ton,1.10E+00,ton,Mass
mg,1.10E-09,ton,Mass
oz,3.13E-05,ton,Mass
ug,1.10E-12,ton,Mass
g,1000000,ug,Mass
mg/cm^2,1,g/m^2,Mass/Area
g/m^2,0.001,kg/m^2,Mass/Area
mg/cm^2,0.001,kg/m^2,Mass/Area
mg/m^2,0.000001,kg/m^2,Mass/Area
g/m^2,1000,mg/m^2,Mass/Area
mg/cm^2,1000,mg/m^2,Mass/Area
g/mL,1000,g/L,Mass/LiquidVolume
kg/L,1000,g/L,Mass/LiquidVolume
kg/mL,1000000,g/L,Mass/LiquidVolume
mg/L,0.001,g/L,Mass/LiquidVolume
mg/mL,1,g/L,Mass/LiquidVolume
ng/L,0.000000001,g/L,Mass/LiquidVolume
ng/mL,0.000001,g/L,Mass/LiquidVolume
pg/L,1.00E-12,g/L,Mass/LiquidVolume
pg/mL,0.000000001,g/L,Mass/LiquidVolume
ug/m^3,0.000000001,g/L,Mass/LiquidVolume
kg/L,1,g/mL,Mass/LiquidVolume
kg/mL,1000,g/mL,Mass/LiquidVolume
mg/L,0.000001,g/mL,Mass/LiquidVolume
mg/mL,0.001,g/mL,Mass/LiquidVolume
ng/L,1.00E-12,g/mL,Mass/LiquidVolume
ng/mL,0.000000001,g/mL,Mass/LiquidVolume
pg/L,1.00E-15,g/mL,Mass/LiquidVolume
pg/mL,1.00E-12,g/mL,Mass/LiquidVolume
ug/m^3,1.00E-12,g/mL,Mass/LiquidVolume
kg/mL,1000,kg/L,Mass/LiquidVolume
mg/L,0.000001,kg/L,Mass/LiquidVolume
mg/mL,0.001,kg/L,Mass/LiquidVolume
ng/L,1.00E-12,kg/L,Mass/LiquidVolume
ng/mL,0.000000001,kg/L,Mass/LiquidVolume
pg/L,1.00E-15,kg/L,Mass/LiquidVolume
pg/mL,1.00E-12,kg/L,Mass/LiquidVolume
ug/m^3,1.00E-12,kg/L,Mass/LiquidVolume
mg/L,0.000000001,kg/mL,Mass/LiquidVolume
mg/mL,0.000001,kg/mL,Mass/LiquidVolume
ng/L,1.00E-15,kg/mL,Mass/LiquidVolume
ng/mL,1.00E-12,kg/mL,Mass/LiquidVolume
pg/L,1.00E-18,kg/mL,Mass/LiquidVolume
pg/mL,1.00E-15,kg/mL,Mass/LiquidVolume
ug/m^3,1.00E-15,kg/mL,Mass/LiquidVolume
mg/mL,1000,mg/L,Mass/LiquidVolume
ng/L,0.000001,mg/L,Mass/LiquidVolume
ng/mL,0.001,mg/L,Mass/LiquidVolume
pg/L,0.000000001,mg/L,Mass/LiquidVolume
pg/mL,0.000001,mg/L,Mass/LiquidVolume
ug/m^3,0.000001,mg/L,Mass/LiquidVolume
ng/L,0.000000001,mg/mL,Mass/LiquidVolume
ng/mL,0.000001,mg/mL,Mass/LiquidVolume
pg/L,1.00E-12,mg/mL,Mass/LiquidVolume
pg/mL,0.000000001,mg/mL,Mass/LiquidVolume
ug/m^3,0.000000001,mg/mL,Mass/LiquidVolume
ng/mL,1000,ng/L,Mass/LiquidVolume
pg/L,0.001,ng/L,Mass/LiquidVolume
pg/mL,1,ng/L,Mass/LiquidVolume
ug/m^3,1,ng/L,Mass/LiquidVolume
pg/L,0.000001,ng/mL,Mass/LiquidVolume
pg/mL,0.001,ng/mL,Mass/LiquidVolume
ug/m^3,0.001,ng/mL,Mass/LiquidVolume
pg/mL,1000,pg/L,Mass/LiquidVolume
ug/m^3,1000,pg/L,Mass/LiquidVolume
pg/mL,0.000001,ug/m^3,Mass/LiquidVolume
g/kg,0.001,g/g,Mass/Mass
kg/g,1000,g/g,Mass/Mass
kg/kg,1,g/g,Mass/Mass
kg/mg,1000000,g/g,Mass/Mass
kg/ug,1000000000,g/g,Mass/Mass
kg/g,1000000,g/kg,Mass/Mass
kg/kg,1000,g/kg,Mass/Mass
kg/mg,1000000000,g/kg,Mass/Mass
kg/ug,1.00E+12,g/kg,Mass/Mass
g/g,0.001,g/mg,Mass/Mass
g/kg,0.000001,g/mg,Mass/Mass
kg/g,1,g/mg,Mass/Mass
kg/kg,0.001,g/mg,Mass/Mass
kg/mg,1000,g/mg,Mass/Mass
kg/ug,1000000,g/mg,Mass/Mass
g/g,0.000001,g/ug,Mass/Mass
g/kg,0.000000001,g/ug,Mass/Mass
g/mg,0.001,g/ug,Mass/Mass
kg/g,0.001,g/ug,Mass/Mass
kg/kg,0.000001,g/ug,Mass/Mass
kg/mg,1,g/ug,Mass/Mass
kg/ug,1000,g/ug,Mass/Mass
kg/kg,0.001,kg/g,Mass/Mass
kg/g,0.001,kg/mg,Mass/Mass
kg/kg,0.000001,kg/mg,Mass/Mass
kg/g,0.000001,kg/ug,Mass/Mass
kg/kg,0.000000001,kg/ug,Mass/Mass
kg/mg,0.001,kg/ug,Mass/Mass
g/g,1000,mg/g,Mass/Mass
g/kg,1,mg/g,Mass/Mass
g/mg,1000000,mg/g,Mass/Mass
g/ug,1000000000,mg/g,Mass/Mass
kg/g,1000000,mg/g,Mass/Mass
kg/kg,1000,mg/g,Mass/Mass
kg/mg,1000000000,mg/g,Mass/Mass
kg/ug,1.00E+12,mg/g,Mass/Mass
mg/kg,0.001,mg/g,Mass/Mass
g/g,1000000,mg/kg,Mass/Mass
g/kg,1000,mg/kg,Mass/Mass
g/mg,1000000000,mg/kg,Mass/Mass
g/ug,1.00E+12,mg/kg,Mass/Mass
kg/g,1000000000,mg/kg,Mass/Mass
kg/kg,1000000,mg/kg,Mass/Mass
kg/mg,1.00E+12,mg/kg,Mass/Mass
kg/ug,1.00E+15,mg/kg,Mass/Mass
g/g,1,mg/mg,Mass/Mass
g/kg,0.001,mg/mg,Mass/Mass
g/mg,1000,mg/mg,Mass/Mass
g/ug,1000000,mg/mg,Mass/Mass
kg/g,1000,mg/mg,Mass/Mass
kg/kg,1,mg/mg,Mass/Mass
kg/mg,1000000,mg/mg,Mass/Mass
kg/ug,1000000000,mg/mg,Mass/Mass
mg/g,0.001,mg/mg,Mass/Mass
mg/kg,0.000001,mg/mg,Mass/Mass
g/g,0.001,mg/ug,Mass/Mass
g/kg,0.000001,mg/ug,Mass/Mass
g/mg,1,mg/ug,Mass/Mass
g/ug,1000,mg/ug,Mass/Mass
kg/g,1,mg/ug,Mass/Mass
kg/kg,0.001,mg/ug,Mass/Mass
kg/mg,1000,mg/ug,Mass/Mass
kg/ug,1000000,mg/ug,Mass/Mass
mg/g,0.000001,mg/ug,Mass/Mass
mg/kg,0.000000001,mg/ug,Mass/Mass
mg/mg,0.001,mg/ug,Mass/Mass
g/g,1000000,ug/g,Mass/Mass
g/kg,1000,ug/g,Mass/Mass
g/mg,1000000000,ug/g,Mass/Mass
g/ug,1.00E+12,ug/g,Mass/Mass
kg/g,1000000000,ug/g,Mass/Mass
kg/kg,1000000,ug/g,Mass/Mass
kg/mg,1.00E+12,ug/g,Mass/Mass
kg/ug,1.00E+15,ug/g,Mass/Mass
mg/g,1000,ug/g,Mass/Mass
mg/kg,1,ug/g,Mass/Mass
mg/mg,1000000,ug/g,Mass/Mass
mg/ug,1000000000,ug/g,Mass/Mass
ug/kg,0.001,ug/g,Mass/Mass
g/g,1000000000,ug/kg,Mass/Mass
g/kg,1000000,ug/kg,Mass/Mass
g/mg,1.00E+12,ug/kg,Mass/Mass
g/ug,1.00E+15,ug/kg,Mass/Mass
kg/g,1.00E+12,ug/kg,Mass/Mass
kg/kg,1000000000,ug/kg,Mass/Mass
kg/mg,1.00E+15,ug/kg,Mass/Mass
kg/ug,1.00E+18,ug/kg,Mass/Mass
mg/g,1000000,ug/kg,Mass/Mass
mg/kg,1000,ug/kg,Mass/Mass
mg/mg,1000000000,ug/kg,Mass/Mass
mg/ug,1.00E+12,ug/kg,Mass/Mass
g/g,1000,ug/mg,Mass/Mass
g/kg,1,ug/mg,Mass/Mass
g/mg,1000000,ug/mg,Mass/Mass
g/ug,1000000000,ug/mg,Mass/Mass
kg/g,1000000,ug/mg,Mass/Mass
kg/kg,1000,ug/mg,Mass/Mass
kg/mg,1000000000,ug/mg,Mass/Mass
kg/ug,1.00E+12,ug/mg,Mass/Mass
mg/g,1,ug/mg,Mass/Mass
mg/kg,0.001,ug/mg,Mass/Mass
mg/mg,1000,ug/mg,Mass/Mass
mg/ug,1000000,ug/mg,Mass/Mass
ug/g,0.001,ug/mg,Mass/Mass
ug/kg,0.000001,ug/mg,Mass/Mass
g/g,1,ug/ug,Mass/Mass
g/kg,0.001,ug/ug,Mass/Mass
g/mg,1000,ug/ug,Mass/Mass
g/ug,1000000,ug/ug,Mass/Mass
kg/g,1000,ug/ug,Mass/Mass
kg/kg,1,ug/ug,Mass/Mass
kg/mg,1000000,ug/ug,Mass/Mass
kg/ug,1000000000,ug/ug,Mass/Mass
mg/g,0.001,ug/ug,Mass/Mass
mg/kg,0.000001,ug/ug,Mass/Mass
mg/mg,1,ug/ug,Mass/Mass
mg/ug,1000,ug/ug,Mass/Mass
ug/g,0.000001,ug/ug,Mass/Mass
ug/kg,0.000000001,ug/ug,Mass/Mass
ug/mg,0.001,ug/ug,Mass/Mass
g/hr,24,g/day,Mass/Time
g/sec,86400,g/day,Mass/Time
g/yr,0.002737851,g/day,Mass/Time
kg/d,1000,g/day,Mass/Time
kg/day,1000,g/day,Mass/Time
kg/hr,24000,g/day,Mass/Time
kg/sec,86400000,g/day,Mass/Time
kg/yr,2.737850787,g/day,Mass/Time
mg/day,0.001,g/day,Mass/Time
mg/hr,0.024,g/day,Mass/Time
mg/sec,86.4,g/day,Mass/Time
mg/yr,2.74E-06,g/day,Mass/Time
ug/day,0.000001,g/day,Mass/Time
ug/hr,0.000024,g/day,Mass/Time
ug/sec,0.0864,g/day,Mass/Time
ug/yr,2.74E-09,g/day,Mass/Time
g/sec,3600,g/hr,Mass/Time
g/yr,0.000114077,g/hr,Mass/Time
kg/d,41.66666667,g/hr,Mass/Time
kg/day,41.66666667,g/hr,Mass/Time
kg/hr,1000,g/hr,Mass/Time
kg/sec,3600000,g/hr,Mass/Time
kg/yr,0.114077116,g/hr,Mass/Time
mg/day,4.17E-05,g/hr,Mass/Time
mg/hr,0.001,g/hr,Mass/Time
mg/sec,3.6,g/hr,Mass/Time
mg/yr,1.14E-07,g/hr,Mass/Time
ug/day,4.17E-08,g/hr,Mass/Time
ug/hr,0.000001,g/hr,Mass/Time
ug/sec,0.0036,g/hr,Mass/Time
ug/yr,1.14E-10,g/hr,Mass/Time
g/yr,3.17E-08,g/sec,Mass/Time
kg/d,0.011574074,g/sec,Mass/Time
kg/day,0.011574074,g/sec,Mass/Time
kg/hr,0.277777778,g/sec,Mass/Time
kg/sec,1000,g/sec,Mass/Time
kg/yr,3.17E-05,g/sec,Mass/Time
mg/day,1.16E-08,g/sec,Mass/Time
mg/hr,2.78E-07,g/sec,Mass/Time
mg/sec,0.001,g/sec,Mass/Time
mg/yr,3.17E-11,g/sec,Mass/Time
ug/day,1.16E-11,g/sec,Mass/Time
ug/hr,2.78E-10,g/sec,Mass/Time
ug/sec,0.000001,g/sec,Mass/Time
ug/yr,3.17E-14,g/sec,Mass/Time
kg/d,365250,g/yr,Mass/Time
kg/day,365250,g/yr,Mass/Time
kg/hr,8766000,g/yr,Mass/Time
kg/sec,31557600000,g/yr,Mass/Time
kg/yr,1000,g/yr,Mass/Time
mg/day,0.36525,g/yr,Mass/Time
mg/hr,8.766,g/yr,Mass/Time
mg/sec,31557.6,g/yr,Mass/Time
mg/yr,0.001,g/yr,Mass/Time
ug/day,0.00036525,g/yr,Mass/Time
ug/hr,0.008766,g/yr,Mass/Time
ug/sec,31.5576,g/yr,Mass/Time
ug/yr,0.000001,g/yr,Mass/Time
kg/hr,24,kg/d,Mass/Time
kg/sec,86400,kg/d,Mass/Time
kg/yr,0.002737851,kg/d,Mass/Time
mg/day,0.000001,kg/d,Mass/Time
mg/hr,0.000024,kg/d,Mass/Time
mg/sec,0.0864,kg/d,Mass/Time
mg/yr,2.74E-09,kg/d,Mass/Time
ug/day,0.000000001,kg/d,Mass/Time
ug/hr,0.000000024,kg/d,Mass/Time
ug/sec,0.0000864,kg/d,Mass/Time
ug/yr,2.74E-12,kg/d,Mass/Time
kg/d,1,kg/day,Mass/Time
kg/hr,24,kg/day,Mass/Time
kg/sec,86400,kg/day,Mass/Time
kg/yr,0.002737851,kg/day,Mass/Time
mg/day,0.000001,kg/day,Mass/Time
mg/hr,0.000024,kg/day,Mass/Time
mg/sec,0.0864,kg/day,Mass/Time
mg/yr,2.74E-09,kg/day,Mass/Time
ug/day,0.000000001,kg/day,Mass/Time
ug/hr,0.000000024,kg/day,Mass/Time
ug/sec,0.0000864,kg/day,Mass/Time
ug/yr,2.74E-12,kg/day,Mass/Time
kg/sec,3600,kg/hr,Mass/Time
kg/yr,0.000114077,kg/hr,Mass/Time
mg/day,4.17E-08,kg/hr,Mass/Time
mg/hr,0.000001,kg/hr,Mass/Time
mg/sec,0.0036,kg/hr,Mass/Time
mg/yr,1.14E-10,kg/hr,Mass/Time
ug/day,4.17E-11,kg/hr,Mass/Time
ug/hr,0.000000001,kg/hr,Mass/Time
ug/sec,0.0000036,kg/hr,Mass/Time
ug/yr,1.14E-13,kg/hr,Mass/Time
kg/yr,3.17E-08,kg/sec,Mass/Time
mg/day,1.16E-11,kg/sec,Mass/Time
mg/hr,2.78E-10,kg/sec,Mass/Time
mg/sec,0.000001,kg/sec,Mass/Time
mg/yr,3.17E-14,kg/sec,Mass/Time
ug/day,1.16E-14,kg/sec,Mass/Time
ug/hr,2.78E-13,kg/sec,Mass/Time
ug/sec,0.000000001,kg/sec,Mass/Time
ug/yr,3.17E-17,kg/sec,Mass/Time
mg/day,0.00036525,kg/yr,Mass/Time
mg/hr,0.008766,kg/yr,Mass/Time
mg/sec,31.5576,kg/yr,Mass/Time
mg/yr,0.000001,kg/yr,Mass/Time
ug/day,3.65E-07,kg/yr,Mass/Time
ug/hr,0.000008766,kg/yr,Mass/Time
ug/sec,0.0315576,kg/yr,Mass/Time
ug/yr,0.000000001,kg/yr,Mass/Time
mg/hr,24,mg/day,Mass/Time
mg/sec,86400,mg/day,Mass/Time
mg/yr,0.002737851,mg/day,Mass/Time
ug/day,0.001,mg/day,Mass/Time
ug/hr,0.024,mg/day,Mass/Time
ug/sec,86.4,mg/day,Mass/Time
ug/yr,2.74E-06,mg/day,Mass/Time
mg/sec,3600,mg/hr,Mass/Time
mg/yr,0.000114077,mg/hr,Mass/Time
ug/day,4.17E-05,mg/hr,Mass/Time
ug/hr,0.001,mg/hr,Mass/Time
ug/sec,3.6,mg/hr,Mass/Time
ug/yr,1.14E-07,mg/hr,Mass/Time
mg/yr,3.17E-08,mg/sec,Mass/Time
ug/day,1.16E-08,mg/sec,Mass/Time
ug/hr,2.78E-07,mg/sec,Mass/Time
ug/sec,0.001,mg/sec,Mass/Time
ug/yr,3.17E-11,mg/sec,Mass/Time
ug/day,0.36525,mg/yr,Mass/Time
ug/hr,8.766,mg/yr,Mass/Time
ug/sec,31557.6,mg/yr,Mass/Time
ug/yr,0.001,mg/yr,Mass/Time
ug/hr,24,ug/day,Mass/Time
ug/sec,86400,ug/day,Mass/Time
ug/yr,0.002737851,ug/day,Mass/Time
ug/sec,3600,ug/hr,Mass/Time
ug/yr,0.000114077,ug/hr,Mass/Time
ug/yr,3.17E-08,ug/sec,Mass/Time
g/m^3,0.000001,g/cm^3,Mass/Volume
g/mm^3,1000,g/cm^3,Mass/Volume
g/um^3,1.00E+12,g/cm^3,Mass/Volume
kg/cm^3,1000,g/cm^3,Mass/Volume
kg/m^3,0.001,g/cm^3,Mass/Volume
kg/mm^3,1000000,g/cm^3,Mass/Volume
kg/um^3,1.00E+15,g/cm^3,Mass/Volume
mg/cm^3,0.001,g/cm^3,Mass/Volume
mg/m^3,0.000000001,g/cm^3,Mass/Volume
mg/mm^3,1,g/cm^3,Mass/Volume
mg/um^3,1000000000,g/cm^3,Mass/Volume
ug/cm^3,0.000001,g/cm^3,Mass/Volume
ug/m^3,1.00E-12,g/cm^3,Mass/Volume
ug/mm^3,0.001,g/cm^3,Mass/Volume
g/mm^3,1000000000,g/m^3,Mass/Volume
g/um^3,1.00E+18,g/m^3,Mass/Volume
kg/cm^3,1000000000,g/m^3,Mass/Volume
kg/m^3,1000,g/m^3,Mass/Volume
kg/mm^3,1.00E+12,g/m^3,Mass/Volume
kg/um^3,1.00E+21,g/m^3,Mass/Volume
mg/cm^3,1000,g/m^3,Mass/Volume
mg/m^3,0.001,g/m^3,Mass/Volume
mg/mm^3,1000000,g/m^3,Mass/Volume
mg/um^3,1.00E+15,g/m^3,Mass/Volume
ug/cm^3,1,g/m^3,Mass/Volume
ug/m^3,0.000001,g/m^3,Mass/Volume
ug/mm^3,1000,g/m^3,Mass/Volume
g/um^3,1000000000,g/mm^3,Mass/Volume
kg/cm^3,1,g/mm^3,Mass/Volume
kg/m^3,0.000001,g/mm^3,Mass/Volume
kg/mm^3,1000,g/mm^3,Mass/Volume
kg/um^3,1.00E+12,g/mm^3,Mass/Volume
mg/cm^3,0.000001,g/mm^3,Mass/Volume
mg/m^3,1.00E-12,g/mm^3,Mass/Volume
mg/mm^3,0.001,g/mm^3,Mass/Volume
mg/um^3,1000000,g/mm^3,Mass/Volume
ug/cm^3,0.000000001,g/mm^3,Mass/Volume
ug/m^3,1.00E-15,g/mm^3,Mass/Volume
ug/mm^3,0.000001,g/mm^3,Mass/Volume
kg/cm^3,0.000000001,g/um^3,Mass/Volume
kg/m^3,1.00E-15,g/um^3,Mass/Volume
kg/mm^3,0.000001,g/um^3,Mass/Volume
kg/um^3,1000,g/um^3,Mass/Volume
mg/cm^3,1.00E-15,g/um^3,Mass/Volume
mg/m^3,1.00E-21,g/um^3,Mass/Volume
mg/mm^3,1.00E-12,g/um^3,Mass/Volume
mg/um^3,0.001,g/um^3,Mass/Volume
ug/cm^3,1.00E-18,g/um^3,Mass/Volume
ug/m^3,1.00E-24,g/um^3,Mass/Volume
ug/mm^3,1.00E-15,g/um^3,Mass/Volume
kg/m^3,0.000001,kg/cm^3,Mass/Volume
kg/mm^3,1000,kg/cm^3,Mass/Volume
kg/um^3,1.00E+12,kg/cm^3,Mass/Volume
mg/cm^3,0.000001,kg/cm^3,Mass/Volume
mg/m^3,1.00E-12,kg/cm^3,Mass/Volume
mg/mm^3,0.001,kg/cm^3,Mass/Volume
mg/um^3,1000000,kg/cm^3,Mass/Volume
ug/cm^3,0.000000001,kg/cm^3,Mass/Volume
ug/m^3,1.00E-15,kg/cm^3,Mass/Volume
ug/mm^3,0.000001,kg/cm^3,Mass/Volume
kg/mm^3,1000000000,kg/m^3,Mass/Volume
kg/um^3,1.00E+18,kg/m^3,Mass/Volume
mg/cm^3,1,kg/m^3,Mass/Volume
mg/m^3,0.000001,kg/m^3,Mass/Volume
mg/mm^3,1000,kg/m^3,Mass/Volume
mg/um^3,1.00E+12,kg/m^3,Mass/Volume
ug/cm^3,0.001,kg/m^3,Mass/Volume
ug/m^3,0.000000001,kg/m^3,Mass/Volume
ug/mm^3,1,kg/m^3,Mass/Volume
kg/um^3,1000000000,kg/mm^3,Mass/Volume
mg/cm^3,0.000000001,kg/mm^3,Mass/Volume
mg/m^3,1.00E-15,kg/mm^3,Mass/Volume
mg/mm^3,0.000001,kg/mm^3,Mass/Volume
mg/um^3,1000,kg/mm^3,Mass/Volume
ug/cm^3,1.00E-12,kg/mm^3,Mass/Volume
ug/m^3,1.00E-18,kg/mm^3,Mass/Volume
ug/mm^3,0.000000001,kg/mm^3,Mass/Volume
mg/cm^3,1.00E-18,kg/um^3,Mass/Volume
mg/m^3,1.00E-24,kg/um^3,Mass/Volume
mg/mm^3,1.00E-15,kg/um^3,Mass/Volume
mg/um^3,0.000001,kg/um^3,Mass/Volume
ug/cm^3,1.00E-21,kg/um^3,Mass/Volume
ug/m^3,1.00E-27,kg/um^3,Mass/Volume
ug/mm^3,1.00E-18,kg/um^3,Mass/Volume
mg/m^3,0.000001,mg/cm^3,Mass/Volume
mg/mm^3,1000,mg/cm^3,Mass/Volume
mg/um^3,1.00E+12,mg/cm^3,Mass/Volume
ug/cm^3,0.001,mg/cm^3,Mass/Volume
ug/m^3,0.000000001,mg/cm^3,Mass/Volume
ug/mm^3,1,mg/cm^3,Mass/Volume
mg/mm^3,1000000000,mg/m^3,Mass/Volume
mg/um^3,1.00E+18,mg/m^3,Mass/Volume
ug/cm^3,1000,mg/m^3,Mass/Volume
ug/m^3,0.001,mg/m^3,Mass/Volume
ug/mm^3,1000000,mg/m^3,Mass/Volume
mg/um^3,1000000000,mg/mm^3,Mass/Volume
ug/cm^3,0.000001,mg/mm^3,Mass/Volume
ug/m^3,1.00E-12,mg/mm^3,Mass/Volume
ug/mm^3,0.001,mg/mm^3,Mass/Volume
ug/cm^3,1.00E-15,mg/um^3,Mass/Volume
ug/m^3,1.00E-21,mg/um^3,Mass/Volume
ug/mm^3,1.00E-12,mg/um^3,Mass/Volume
ug/m^3,0.000001,ug/cm^3,Mass/Volume
ug/mm^3,1000,ug/cm^3,Mass/Volume
ug/mm^3,1000000000,ug/m^3,Mass/Volume
cm^3/mol,1,cm^3/mole,Molar Volume
cm^3/mole sec,1,(cm^3/mole)/sec,Molar Volume/Time
mon/yr,1,month/yr,Month/Time
#/month,1,disturbance/month,Monthly Disturbance Fequency
N/A,1,not applicable,Not Applicable
(mg/kg/d)^-1,1,1/(mg/kg/day),Potency Factor
fraction,100,%,Ratio
percent,1,%,Ratio
tenths,10,%,Ratio
percent,0.01,fraction,Ratio
tenths,0.1,fraction,Ratio
tenths,10,percent,Ratio
fraction/yr,100,%/yr,Ratio/Time
mg/kg/hr,24,mg/kg/day,Reference Dose
risk/rem,100,risk/Sv,Risk/Dose
risk/yr per pCi/m^2,1,risk/yr per pCi/m^2,Surface Risk Conversion Factor
degC,1,C,Temperature
F,1,C,Temperature
degC,1,F,Temperature
years,365.25,d,Time
yr,365.25,d,Time
d,1,day,Time
years,365.25,day,Time
yr,365.25,day,Time
d,1,days,Time
day,1,days,Time
years,365.25,days,Time
yr,365.25,days,Time
d,24,hr,Time
day,24,hr,Time
days,24,hr,Time
years,8766,hr,Time
yr,8766,hr,Time
d,1440,mn,Time
day,1440,mn,Time
days,1440,mn,Time
hr,60,mn,Time
years,525960,mn,Time
yr,525960,mn,Time
d,86400,sec,Time
day,86400,sec,Time
days,86400,sec,Time
hr,3600,sec,Time
mn,60,sec,Time
yr,31557600,sec,Time
years,1,yr,Time
s/m,1,s/m,Time/Length
d/kg,1,day/kg,Time/Mass
hr/d,0.0657,day/yr,Time/Time
hr/day,0.0657,day/yr,Time/Time
hr/day,1,hr/d,Time/Time
day/yr,24,hr/yr,Time/Time
hr/d,0.00273785,hr/yr,Time/Time
hr/day,0.00273785,hr/yr,Time/Time
d/L,1,day/L,Time/Volume
number,1,unitless,Unitless
risk/(ug/L),1000000,risk/(ug/m^3),URF
#/day,1,Vehicles/day,Vehicles/Time
m^3,35.314666,ft^3,Volume
L/m^2/mon,1,L/m^2/month,Volume/Area/Month
m^3/g,1000000,cm^3/g,Volume/Mass
cm^3/hr,24,cm^3/day,Volume/Time
cm^3/sec,86400,cm^3/day,Volume/Time
cm^3/yr,0.002737851,cm^3/day,Volume/Time
ft^3/day,28316.84659,cm^3/day,Volume/Time
ft^3/hr,679604.3182,cm^3/day,Volume/Time
ft^3/sec,2446575546,cm^3/day,Volume/Time
ft^3/yr,77.52730073,cm^3/day,Volume/Time
in^3/day,16.387064,cm^3/day,Volume/Time
in^3/hr,393.289536,cm^3/day,Volume/Time
in^3/sec,1415842.33,cm^3/day,Volume/Time
in^3/yr,0.044865336,cm^3/day,Volume/Time
km^3/day,1.00E+15,cm^3/day,Volume/Time
km^3/hr,2.40E+16,cm^3/day,Volume/Time
km^3/sec,8.64E+19,cm^3/day,Volume/Time
km^3/yr,2.74E+12,cm^3/day,Volume/Time
m^3/day,1000000,cm^3/day,Volume/Time
m^3/hr,24000000,cm^3/day,Volume/Time
m^3/sec,86400000000,cm^3/day,Volume/Time
m^3/yr,2737.850787,cm^3/day,Volume/Time
mi^3/day,4.17E+15,cm^3/day,Volume/Time
mi^3/hr,1.00E+17,cm^3/day,Volume/Time
mi^3/sec,3.60E+20,cm^3/day,Volume/Time
mi^3/yr,1.14E+13,cm^3/day,Volume/Time
mm^3/day,0.001,cm^3/day,Volume/Time
mm^3/hr,0.024,cm^3/day,Volume/Time
mm^3/sec,86.4,cm^3/day,Volume/Time
mm^3/yr,2.74E-06,cm^3/day,Volume/Time
yd^3/day,764554.8587,cm^3/day,Volume/Time
yd^3/hr,18349316.61,cm^3/day,Volume/Time
yd^3/sec,66057539795,cm^3/day,Volume/Time
yd^3/yr,2093.237122,cm^3/day,Volume/Time
cm^3/sec,3600,cm^3/hr,Volume/Time
cm^3/yr,0.000114077,cm^3/hr,Volume/Time
ft^3/day,1179.868608,cm^3/hr,Volume/Time
ft^3/hr,28316.84659,cm^3/hr,Volume/Time
ft^3/sec,101940647.7,cm^3/hr,Volume/Time
ft^3/yr,3.230304197,cm^3/hr,Volume/Time
in^3/day,0.682794333,cm^3/hr,Volume/Time
in^3/hr,16.387064,cm^3/hr,Volume/Time
in^3/sec,58993.4304,cm^3/hr,Volume/Time
in^3/yr,0.001869389,cm^3/hr,Volume/Time
km^3/day,4.17E+13,cm^3/hr,Volume/Time
km^3/hr,1.00E+15,cm^3/hr,Volume/Time
km^3/sec,3.60E+18,cm^3/hr,Volume/Time
km^3/yr,1.14E+11,cm^3/hr,Volume/Time
m^3/day,41666.66667,cm^3/hr,Volume/Time
m^3/hr,1000000,cm^3/hr,Volume/Time
m^3/sec,3600000000,cm^3/hr,Volume/Time
m^3/yr,114.0771161,cm^3/hr,Volume/Time
mi^3/day,1.74E+14,cm^3/hr,Volume/Time
mi^3/hr,4.17E+15,cm^3/hr,Volume/Time
mi^3/sec,1.50E+19,cm^3/hr,Volume/Time
mi^3/yr,4.75E+11,cm^3/hr,Volume/Time
mm^3/day,4.17E-05,cm^3/hr,Volume/Time
mm^3/hr,0.001,cm^3/hr,Volume/Time
mm^3/sec,3.6,cm^3/hr,Volume/Time
mm^3/yr,1.14E-07,cm^3/hr,Volume/Time
yd^3/day,31856.45245,cm^3/hr,Volume/Time
yd^3/hr,764554.8587,cm^3/hr,Volume/Time
yd^3/sec,2752397491,cm^3/hr,Volume/Time
yd^3/yr,87.21821341,cm^3/hr,Volume/Time
cm^3/yr,3.17E-08,cm^3/sec,Volume/Time
ft^3/day,0.32774128,cm^3/sec,Volume/Time
ft^3/hr,7.86579072,cm^3/sec,Volume/Time
ft^3/sec,28316.84659,cm^3/sec,Volume/Time
ft^3/yr,0.000897307,cm^3/sec,Volume/Time
in^3/day,0.000189665,cm^3/sec,Volume/Time
in^3/hr,0.004551962,cm^3/sec,Volume/Time
in^3/sec,16.387064,cm^3/sec,Volume/Time
in^3/yr,5.19E-07,cm^3/sec,Volume/Time
km^3/day,11574074074,cm^3/sec,Volume/Time
km^3/hr,2.78E+11,cm^3/sec,Volume/Time
km^3/sec,1.00E+15,cm^3/sec,Volume/Time
km^3/yr,31688087.81,cm^3/sec,Volume/Time
m^3/day,11.57407407,cm^3/sec,Volume/Time
m^3/hr,277.7777778,cm^3/sec,Volume/Time
m^3/sec,1000000,cm^3/sec,Volume/Time
m^3/yr,0.031688088,cm^3/sec,Volume/Time
mi^3/day,48242845202,cm^3/sec,Volume/Time
mi^3/hr,1.16E+12,cm^3/sec,Volume/Time
mi^3/sec,4.17E+15,cm^3/sec,Volume/Time
mi^3/yr,132081711.7,cm^3/sec,Volume/Time
mm^3/day,1.16E-08,cm^3/sec,Volume/Time
mm^3/hr,2.78E-07,cm^3/sec,Volume/Time
mm^3/sec,0.001,cm^3/sec,Volume/Time
mm^3/yr,3.17E-11,cm^3/sec,Volume/Time
yd^3/day,8.849014569,cm^3/sec,Volume/Time
yd^3/hr,212.3763496,cm^3/sec,Volume/Time
yd^3/sec,764554.8587,cm^3/sec,Volume/Time
yd^3/yr,0.024227282,cm^3/sec,Volume/Time
ft^3/day,10342728.22,cm^3/yr,Volume/Time
ft^3/hr,248225477.2,cm^3/yr,Volume/Time
ft^3/sec,8.94E+11,cm^3/yr,Volume/Time
ft^3/yr,28316.84659,cm^3/yr,Volume/Time
in^3/day,5985.375126,cm^3/yr,Volume/Time
in^3/hr,143649.003,cm^3/yr,Volume/Time
in^3/sec,517136410.9,cm^3/yr,Volume/Time
in^3/yr,16.387064,cm^3/yr,Volume/Time
km^3/day,3.65E+17,cm^3/yr,Volume/Time
km^3/hr,8.77E+18,cm^3/yr,Volume/Time
km^3/sec,3.16E+22,cm^3/yr,Volume/Time
km^3/yr,1.00E+15,cm^3/yr,Volume/Time
m^3/day,365250000,cm^3/yr,Volume/Time
m^3/hr,8766000000,cm^3/yr,Volume/Time
m^3/sec,3.16E+13,cm^3/yr,Volume/Time
m^3/yr,1000000,cm^3/yr,Volume/Time
mi^3/day,1.52E+18,cm^3/yr,Volume/Time
mi^3/hr,3.65E+19,cm^3/yr,Volume/Time
mi^3/sec,1.32E+23,cm^3/yr,Volume/Time
mi^3/yr,4.17E+15,cm^3/yr,Volume/Time
mm^3/day,0.36525,cm^3/yr,Volume/Time
mm^3/hr,8.766,cm^3/yr,Volume/Time
mm^3/sec,31557.6,cm^3/yr,Volume/Time
mm^3/yr,0.001,cm^3/yr,Volume/Time
yd^3/day,279253662.2,cm^3/yr,Volume/Time
yd^3/hr,6702087892,cm^3/yr,Volume/Time
yd^3/sec,2.41E+13,cm^3/yr,Volume/Time
yd^3/yr,764554.8587,cm^3/yr,Volume/Time
ft^3/hr,24,ft^3/day,Volume/Time
ft^3/sec,86400,ft^3/day,Volume/Time
ft^3/yr,0.002737851,ft^3/day,Volume/Time
in^3/day,0.000578704,ft^3/day,Volume/Time
in^3/hr,0.013888889,ft^3/day,Volume/Time
in^3/sec,50,ft^3/day,Volume/Time
in^3/yr,1.58E-06,ft^3/day,Volume/Time
km^3/day,35314666721,ft^3/day,Volume/Time
km^3/hr,8.48E+11,ft^3/day,Volume/Time
km^3/sec,3.05E+15,ft^3/day,Volume/Time
km^3/yr,96686288.08,ft^3/day,Volume/Time
m^3/day,35.31466672,ft^3/day,Volume/Time
m^3/hr,847.5520013,ft^3/day,Volume/Time
m^3/sec,3051187.205,ft^3/day,Volume/Time
m^3/yr,0.096686288,ft^3/day,Volume/Time
mi^3/day,1.47E+11,ft^3/day,Volume/Time
mi^3/hr,3.53E+12,ft^3/day,Volume/Time
mi^3/sec,1.27E+16,ft^3/day,Volume/Time
mi^3/yr,403006028.7,ft^3/day,Volume/Time
mm^3/day,3.53E-08,ft^3/day,Volume/Time
mm^3/hr,8.48E-07,ft^3/day,Volume/Time
mm^3/sec,0.003051187,ft^3/day,Volume/Time
mm^3/yr,9.67E-11,ft^3/day,Volume/Time
yd^3/day,27.00000003,ft^3/day,Volume/Time
yd^3/hr,648.0000006,ft^3/day,Volume/Time
yd^3/sec,2332800.002,ft^3/day,Volume/Time
yd^3/yr,0.073921971,ft^3/day,Volume/Time
ft^3/sec,3600,ft^3/hr,Volume/Time
ft^3/yr,0.000114077,ft^3/hr,Volume/Time
in^3/day,2.41E-05,ft^3/hr,Volume/Time
in^3/hr,0.000578704,ft^3/hr,Volume/Time
in^3/sec,2.083333333,ft^3/hr,Volume/Time
in^3/yr,6.60E-08,ft^3/hr,Volume/Time
km^3/day,1471444447,ft^3/hr,Volume/Time
km^3/hr,35314666721,ft^3/hr,Volume/Time
km^3/sec,1.27E+14,ft^3/hr,Volume/Time
km^3/yr,4028595.337,ft^3/hr,Volume/Time
m^3/day,1.471444447,ft^3/hr,Volume/Time
m^3/hr,35.31466672,ft^3/hr,Volume/Time
m^3/sec,127132.8002,ft^3/hr,Volume/Time
m^3/yr,0.004028595,ft^3/hr,Volume/Time
mi^3/day,6133248000,ft^3/hr,Volume/Time
mi^3/hr,1.47E+11,ft^3/hr,Volume/Time
mi^3/sec,5.30E+14,ft^3/hr,Volume/Time
mi^3/yr,16791917.86,ft^3/hr,Volume/Time
mm^3/day,1.47E-09,ft^3/hr,Volume/Time
mm^3/hr,3.53E-08,ft^3/hr,Volume/Time
mm^3/sec,0.000127133,ft^3/hr,Volume/Time
mm^3/yr,4.03E-12,ft^3/hr,Volume/Time
yd^3/day,1.125000001,ft^3/hr,Volume/Time
yd^3/hr,27.00000003,ft^3/hr,Volume/Time
yd^3/sec,97200.0001,ft^3/hr,Volume/Time
yd^3/yr,0.003080082,ft^3/hr,Volume/Time
ft^3/yr,3.17E-08,ft^3/sec,Volume/Time
in^3/day,6.70E-09,ft^3/sec,Volume/Time
in^3/hr,1.61E-07,ft^3/sec,Volume/Time
in^3/sec,0.000578704,ft^3/sec,Volume/Time
in^3/yr,1.83E-11,ft^3/sec,Volume/Time
km^3/day,408734.5685,ft^3/sec,Volume/Time
km^3/hr,9809629.645,ft^3/sec,Volume/Time
km^3/sec,35314666721,ft^3/sec,Volume/Time
km^3/yr,1119.05426,ft^3/sec,Volume/Time
m^3/day,0.000408735,ft^3/sec,Volume/Time
m^3/hr,0.00980963,ft^3/sec,Volume/Time
m^3/sec,35.31466672,ft^3/sec,Volume/Time
m^3/yr,1.12E-06,ft^3/sec,Volume/Time
mi^3/day,1703680,ft^3/sec,Volume/Time
mi^3/hr,40888320,ft^3/sec,Volume/Time
mi^3/sec,1.47E+11,ft^3/sec,Volume/Time
mi^3/yr,4664.421629,ft^3/sec,Volume/Time
mm^3/day,4.09E-13,ft^3/sec,Volume/Time
mm^3/hr,9.81E-12,ft^3/sec,Volume/Time
mm^3/sec,3.53E-08,ft^3/sec,Volume/Time
mm^3/yr,1.12E-15,ft^3/sec,Volume/Time
yd^3/day,0.0003125,ft^3/sec,Volume/Time
yd^3/hr,0.0075,ft^3/sec,Volume/Time
yd^3/sec,27.00000003,ft^3/sec,Volume/Time
yd^3/yr,8.56E-07,ft^3/sec,Volume/Time
in^3/day,0.211371528,ft^3/yr,Volume/Time
in^3/hr,5.072916667,ft^3/yr,Volume/Time
in^3/sec,18262.5,ft^3/yr,Volume/Time
in^3/yr,0.000578704,ft^3/yr,Volume/Time
km^3/day,1.29E+13,ft^3/yr,Volume/Time
km^3/hr,3.10E+14,ft^3/yr,Volume/Time
km^3/sec,1.11E+18,ft^3/yr,Volume/Time
km^3/yr,35314666721,ft^3/yr,Volume/Time
m^3/day,12898.68202,ft^3/yr,Volume/Time
m^3/hr,309568.3685,ft^3/yr,Volume/Time
m^3/sec,1114446127,ft^3/yr,Volume/Time
m^3/yr,35.31466672,ft^3/yr,Volume/Time
mi^3/day,5.38E+13,ft^3/yr,Volume/Time
mi^3/hr,1.29E+15,ft^3/yr,Volume/Time
mi^3/sec,4.65E+18,ft^3/yr,Volume/Time
mi^3/yr,1.47E+11,ft^3/yr,Volume/Time
mm^3/day,1.29E-05,ft^3/yr,Volume/Time
mm^3/hr,0.000309568,ft^3/yr,Volume/Time
mm^3/sec,1.114446127,ft^3/yr,Volume/Time
mm^3/yr,3.53E-08,ft^3/yr,Volume/Time
yd^3/day,9861.75001,ft^3/yr,Volume/Time
yd^3/hr,236682.0002,ft^3/yr,Volume/Time
yd^3/sec,852055200.8,ft^3/yr,Volume/Time
yd^3/yr,27.00000003,ft^3/yr,Volume/Time
in^3/hr,24,in^3/day,Volume/Time
in^3/sec,86400,in^3/day,Volume/Time
in^3/yr,0.002737851,in^3/day,Volume/Time
km^3/day,6.10E+13,in^3/day,Volume/Time
km^3/hr,1.46E+15,in^3/day,Volume/Time
km^3/sec,5.27E+18,in^3/day,Volume/Time
km^3/yr,1.67E+11,in^3/day,Volume/Time
m^3/day,61023.74409,in^3/day,Volume/Time
m^3/hr,1464569.858,in^3/day,Volume/Time
m^3/sec,5272451490,in^3/day,Volume/Time
m^3/yr,167.0739058,in^3/day,Volume/Time
mi^3/day,2.54E+14,in^3/day,Volume/Time
mi^3/hr,6.10E+15,in^3/day,Volume/Time
mi^3/sec,2.20E+19,in^3/day,Volume/Time
mi^3/yr,6.96E+11,in^3/day,Volume/Time
mm^3/day,6.10E-05,in^3/day,Volume/Time
mm^3/hr,0.00146457,in^3/day,Volume/Time
mm^3/sec,5.27245149,in^3/day,Volume/Time
mm^3/yr,1.67E-07,in^3/day,Volume/Time
yd^3/day,46656.00005,in^3/day,Volume/Time
yd^3/hr,1119744.001,in^3/day,Volume/Time
yd^3/sec,4031078404,in^3/day,Volume/Time
yd^3/yr,127.7371665,in^3/day,Volume/Time
in^3/sec,3600,in^3/hr,Volume/Time
in^3/yr,0.000114077,in^3/hr,Volume/Time
km^3/day,2.54E+12,in^3/hr,Volume/Time
km^3/hr,6.10E+13,in^3/hr,Volume/Time
km^3/sec,2.20E+17,in^3/hr,Volume/Time
km^3/yr,6961412742,in^3/hr,Volume/Time
m^3/day,2542.656004,in^3/hr,Volume/Time
m^3/hr,61023.74409,in^3/hr,Volume/Time
m^3/sec,219685478.7,in^3/hr,Volume/Time
m^3/yr,6.961412742,in^3/hr,Volume/Time
mi^3/day,1.06E+13,in^3/hr,Volume/Time
mi^3/hr,2.54E+14,in^3/hr,Volume/Time
mi^3/sec,9.16E+17,in^3/hr,Volume/Time
mi^3/yr,29016434070,in^3/hr,Volume/Time
mm^3/day,2.54E-06,in^3/hr,Volume/Time
mm^3/hr,6.10E-05,in^3/hr,Volume/Time
mm^3/sec,0.219685479,in^3/hr,Volume/Time
mm^3/yr,6.96E-09,in^3/hr,Volume/Time
yd^3/day,1944.000002,in^3/hr,Volume/Time
yd^3/hr,46656.00005,in^3/hr,Volume/Time
yd^3/sec,167961600.2,in^3/hr,Volume/Time
yd^3/yr,5.322381935,in^3/hr,Volume/Time
in^3/yr,3.17E-08,in^3/sec,Volume/Time
km^3/day,706293334.4,in^3/sec,Volume/Time
km^3/hr,16951040026,in^3/sec,Volume/Time
km^3/sec,6.10E+13,in^3/sec,Volume/Time
km^3/yr,1933725.762,in^3/sec,Volume/Time
m^3/day,0.706293334,in^3/sec,Volume/Time
m^3/hr,16.95104003,in^3/sec,Volume/Time
m^3/sec,61023.74409,in^3/sec,Volume/Time
m^3/yr,0.001933726,in^3/sec,Volume/Time
mi^3/day,2943959040,in^3/sec,Volume/Time
mi^3/hr,70655016960,in^3/sec,Volume/Time
mi^3/sec,2.54E+14,in^3/sec,Volume/Time
mi^3/yr,8060120.575,in^3/sec,Volume/Time
mm^3/day,7.06E-10,in^3/sec,Volume/Time
mm^3/hr,1.70E-08,in^3/sec,Volume/Time
mm^3/sec,6.10E-05,in^3/sec,Volume/Time
mm^3/yr,1.93E-12,in^3/sec,Volume/Time
yd^3/day,0.540000001,in^3/sec,Volume/Time
yd^3/hr,12.96000001,in^3/sec,Volume/Time
yd^3/sec,46656.00005,in^3/sec,Volume/Time
yd^3/yr,0.001478439,in^3/sec,Volume/Time
km^3/day,2.23E+16,in^3/yr,Volume/Time
km^3/hr,5.35E+17,in^3/yr,Volume/Time
km^3/sec,1.93E+21,in^3/yr,Volume/Time
km^3/yr,6.10E+13,in^3/yr,Volume/Time
m^3/day,22288922.53,in^3/yr,Volume/Time
m^3/hr,534934140.7,in^3/yr,Volume/Time
m^3/sec,1.93E+12,in^3/yr,Volume/Time
m^3/yr,61023.74409,in^3/yr,Volume/Time
mi^3/day,9.29E+16,in^3/yr,Volume/Time
mi^3/hr,2.23E+18,in^3/yr,Volume/Time
mi^3/sec,8.03E+21,in^3/yr,Volume/Time
mi^3/yr,2.54E+14,in^3/yr,Volume/Time
mm^3/day,0.022288923,in^3/yr,Volume/Time
mm^3/hr,0.534934141,in^3/yr,Volume/Time
mm^3/sec,1925.762907,in^3/yr,Volume/Time
mm^3/yr,6.10E-05,in^3/yr,Volume/Time
yd^3/day,17041104.02,in^3/yr,Volume/Time
yd^3/hr,408986496.4,in^3/yr,Volume/Time
yd^3/sec,1.47E+12,in^3/yr,Volume/Time
yd^3/yr,46656.00005,in^3/yr,Volume/Time
km^3/hr,24,km^3/day,Volume/Time
km^3/sec,86400,km^3/day,Volume/Time
km^3/yr,0.002737851,km^3/day,Volume/Time
m^3/day,0.000000001,km^3/day,Volume/Time
m^3/hr,0.000000024,km^3/day,Volume/Time
m^3/sec,0.0000864,km^3/day,Volume/Time
m^3/yr,2.74E-12,km^3/day,Volume/Time
mi^3/day,4.168181825,km^3/day,Volume/Time
mi^3/hr,100.0363638,km^3/day,Volume/Time
mi^3/sec,360130.9097,km^3/day,Volume/Time
mi^3/yr,0.01141186,km^3/day,Volume/Time
mm^3/day,1.00E-18,km^3/day,Volume/Time
mm^3/hr,2.40E-17,km^3/day,Volume/Time
mm^3/sec,8.64E-14,km^3/day,Volume/Time
mm^3/yr,2.74E-21,km^3/day,Volume/Time
yd^3/day,7.65E-10,km^3/day,Volume/Time
yd^3/hr,1.83E-08,km^3/day,Volume/Time
yd^3/sec,6.61E-05,km^3/day,Volume/Time
yd^3/yr,2.09E-12,km^3/day,Volume/Time
km^3/sec,3600,km^3/hr,Volume/Time
km^3/yr,0.000114077,km^3/hr,Volume/Time
m^3/day,4.17E-11,km^3/hr,Volume/Time
m^3/hr,0.000000001,km^3/hr,Volume/Time
m^3/sec,0.0000036,km^3/hr,Volume/Time
m^3/yr,1.14E-13,km^3/hr,Volume/Time
mi^3/day,0.173674243,km^3/hr,Volume/Time
mi^3/hr,4.168181825,km^3/hr,Volume/Time
mi^3/sec,15005.45457,km^3/hr,Volume/Time
mi^3/yr,0.000475494,km^3/hr,Volume/Time
mm^3/day,4.17E-20,km^3/hr,Volume/Time
mm^3/hr,1.00E-18,km^3/hr,Volume/Time
mm^3/sec,3.60E-15,km^3/hr,Volume/Time
mm^3/yr,1.14E-22,km^3/hr,Volume/Time
yd^3/day,3.19E-11,km^3/hr,Volume/Time
yd^3/hr,7.65E-10,km^3/hr,Volume/Time
yd^3/sec,2.75E-06,km^3/hr,Volume/Time
yd^3/yr,8.72E-14,km^3/hr,Volume/Time
km^3/yr,3.17E-08,km^3/sec,Volume/Time
m^3/day,1.16E-14,km^3/sec,Volume/Time
m^3/hr,2.78E-13,km^3/sec,Volume/Time
m^3/sec,0.000000001,km^3/sec,Volume/Time
m^3/yr,3.17E-17,km^3/sec,Volume/Time
mi^3/day,4.82E-05,km^3/sec,Volume/Time
mi^3/hr,0.001157828,km^3/sec,Volume/Time
mi^3/sec,4.168181825,km^3/sec,Volume/Time
mi^3/yr,1.32E-07,km^3/sec,Volume/Time
mm^3/day,1.16E-23,km^3/sec,Volume/Time
mm^3/hr,2.78E-22,km^3/sec,Volume/Time
mm^3/sec,1.00E-18,km^3/sec,Volume/Time
mm^3/yr,3.17E-26,km^3/sec,Volume/Time
yd^3/day,8.85E-15,km^3/sec,Volume/Time
yd^3/hr,2.12E-13,km^3/sec,Volume/Time
yd^3/sec,7.65E-10,km^3/sec,Volume/Time
yd^3/yr,2.42E-17,km^3/sec,Volume/Time
m^3/day,3.65E-07,km^3/yr,Volume/Time
m^3/hr,0.000008766,km^3/yr,Volume/Time
m^3/sec,0.0315576,km^3/yr,Volume/Time
m^3/yr,0.000000001,km^3/yr,Volume/Time
mi^3/day,1522.428412,km^3/yr,Volume/Time
mi^3/hr,36538.28188,km^3/yr,Volume/Time
mi^3/sec,131537814.8,km^3/yr,Volume/Time
mi^3/yr,4.168181825,km^3/yr,Volume/Time
mm^3/day,3.65E-16,km^3/yr,Volume/Time
mm^3/hr,8.77E-15,km^3/yr,Volume/Time
mm^3/sec,3.16E-11,km^3/yr,Volume/Time
mm^3/yr,1.00E-18,km^3/yr,Volume/Time
yd^3/day,2.79E-07,km^3/yr,Volume/Time
yd^3/hr,6.70E-06,km^3/yr,Volume/Time
yd^3/sec,0.024127516,km^3/yr,Volume/Time
yd^3/yr,7.65E-10,km^3/yr,Volume/Time
m^3/hr,24,m^3/day,Volume/Time
m^3/sec,86400,m^3/day,Volume/Time
m^3/yr,0.002737851,m^3/day,Volume/Time
mi^3/day,4168181825,m^3/day,Volume/Time
mi^3/hr,1.00E+11,m^3/day,Volume/Time
mi^3/sec,3.60E+14,m^3/day,Volume/Time
mi^3/yr,11411859.89,m^3/day,Volume/Time
mm^3/day,0.000000001,m^3/day,Volume/Time
mm^3/hr,0.000000024,m^3/day,Volume/Time
mm^3/sec,0.0000864,m^3/day,Volume/Time
mm^3/yr,2.74E-12,m^3/day,Volume/Time
yd^3/day,0.764554859,m^3/day,Volume/Time
yd^3/hr,18.34931661,m^3/day,Volume/Time
yd^3/sec,66057.53979,m^3/day,Volume/Time
yd^3/yr,0.002093237,m^3/day,Volume/Time
m^3/sec,3600,m^3/hr,Volume/Time
m^3/yr,0.000114077,m^3/hr,Volume/Time
mi^3/day,173674242.7,m^3/hr,Volume/Time
mi^3/hr,4168181825,m^3/hr,Volume/Time
mi^3/sec,1.50E+13,m^3/hr,Volume/Time
mi^3/yr,475494.1622,m^3/hr,Volume/Time
mm^3/day,4.17E-11,m^3/hr,Volume/Time
mm^3/hr,0.000000001,m^3/hr,Volume/Time
mm^3/sec,0.0000036,m^3/hr,Volume/Time
mm^3/yr,1.14E-13,m^3/hr,Volume/Time
yd^3/day,0.031856452,m^3/hr,Volume/Time
yd^3/hr,0.764554859,m^3/hr,Volume/Time
yd^3/sec,2752.397491,m^3/hr,Volume/Time
yd^3/yr,8.72E-05,m^3/hr,Volume/Time
m^3/yr,3.17E-08,m^3/sec,Volume/Time
mi^3/day,48242.8452,m^3/sec,Volume/Time
mi^3/hr,1157828.285,m^3/sec,Volume/Time
mi^3/sec,4168181825,m^3/sec,Volume/Time
mi^3/yr,132.0817117,m^3/sec,Volume/Time
mm^3/day,1.16E-14,m^3/sec,Volume/Time
mm^3/hr,2.78E-13,m^3/sec,Volume/Time
mm^3/sec,0.000000001,m^3/sec,Volume/Time
mm^3/yr,3.17E-17,m^3/sec,Volume/Time
yd^3/day,8.85E-06,m^3/sec,Volume/Time
yd^3/hr,0.000212376,m^3/sec,Volume/Time
yd^3/sec,0.764554859,m^3/sec,Volume/Time
yd^3/yr,2.42E-08,m^3/sec,Volume/Time
mi^3/day,1.52E+12,m^3/yr,Volume/Time
mi^3/hr,3.65E+13,m^3/yr,Volume/Time
mi^3/sec,1.32E+17,m^3/yr,Volume/Time
mi^3/yr,4168181825,m^3/yr,Volume/Time
mm^3/day,3.65E-07,m^3/yr,Volume/Time
mm^3/hr,0.000008766,m^3/yr,Volume/Time
mm^3/sec,0.0315576,m^3/yr,Volume/Time
mm^3/yr,0.000000001,m^3/yr,Volume/Time
yd^3/day,279.2536622,m^3/yr,Volume/Time
yd^3/hr,6702.087892,m^3/yr,Volume/Time
yd^3/sec,24127516.41,m^3/yr,Volume/Time
yd^3/yr,0.764554859,m^3/yr,Volume/Time
mi^3/hr,24,mi^3/day,Volume/Time
mi^3/sec,86400,mi^3/day,Volume/Time
mi^3/yr,0.002737851,mi^3/day,Volume/Time
mm^3/day,2.40E-19,mi^3/day,Volume/Time
mm^3/hr,5.76E-18,mi^3/day,Volume/Time
mm^3/sec,2.07E-14,mi^3/day,Volume/Time
mm^3/yr,6.57E-22,mi^3/day,Volume/Time
yd^3/day,1.83E-10,mi^3/day,Volume/Time
yd^3/hr,4.40E-09,mi^3/day,Volume/Time
yd^3/sec,1.58E-05,mi^3/day,Volume/Time
yd^3/yr,5.02E-13,mi^3/day,Volume/Time
mi^3/sec,3600,mi^3/hr,Volume/Time
mi^3/yr,0.000114077,mi^3/hr,Volume/Time
mm^3/day,1.00E-20,mi^3/hr,Volume/Time
mm^3/hr,2.40E-19,mi^3/hr,Volume/Time
mm^3/sec,8.64E-16,mi^3/hr,Volume/Time
mm^3/yr,2.74E-23,mi^3/hr,Volume/Time
yd^3/day,7.64E-12,mi^3/hr,Volume/Time
yd^3/hr,1.83E-10,mi^3/hr,Volume/Time
yd^3/sec,6.60E-07,mi^3/hr,Volume/Time
yd^3/yr,2.09E-14,mi^3/hr,Volume/Time
mi^3/yr,3.17E-08,mi^3/sec,Volume/Time
mm^3/day,2.78E-24,mi^3/sec,Volume/Time
mm^3/hr,6.66E-23,mi^3/sec,Volume/Time
mm^3/sec,2.40E-19,mi^3/sec,Volume/Time
mm^3/yr,7.60E-27,mi^3/sec,Volume/Time
yd^3/day,2.12E-15,mi^3/sec,Volume/Time
yd^3/hr,5.10E-14,mi^3/sec,Volume/Time
yd^3/sec,1.83E-10,mi^3/sec,Volume/Time
yd^3/yr,5.81E-18,mi^3/sec,Volume/Time
mm^3/day,8.76E-17,mi^3/yr,Volume/Time
mm^3/hr,2.10E-15,mi^3/yr,Volume/Time
mm^3/sec,7.57E-12,mi^3/yr,Volume/Time
mm^3/yr,2.40E-19,mi^3/yr,Volume/Time
yd^3/day,6.70E-08,mi^3/yr,Volume/Time
yd^3/hr,1.61E-06,mi^3/yr,Volume/Time
yd^3/sec,0.005788499,mi^3/yr,Volume/Time
yd^3/yr,1.83E-10,mi^3/yr,Volume/Time
mm^3/hr,24,mm^3/day,Volume/Time
mm^3/sec,86400,mm^3/day,Volume/Time
mm^3/yr,0.002737851,mm^3/day,Volume/Time
yd^3/day,764554858.7,mm^3/day,Volume/Time
yd^3/hr,18349316610,mm^3/day,Volume/Time
yd^3/sec,6.61E+13,mm^3/day,Volume/Time
yd^3/yr,2093237.122,mm^3/day,Volume/Time
mm^3/sec,3600,mm^3/hr,Volume/Time
mm^3/yr,0.000114077,mm^3/hr,Volume/Time
yd^3/day,31856452.45,mm^3/hr,Volume/Time
yd^3/hr,764554858.7,mm^3/hr,Volume/Time
yd^3/sec,2.75E+12,mm^3/hr,Volume/Time
yd^3/yr,87218.21341,mm^3/hr,Volume/Time
mm^3/yr,3.17E-08,mm^3/sec,Volume/Time
yd^3/day,8849.014569,mm^3/sec,Volume/Time
yd^3/hr,212376.3496,mm^3/sec,Volume/Time
yd^3/sec,764554858.7,mm^3/sec,Volume/Time
yd^3/yr,24.2272815,mm^3/sec,Volume/Time
yd^3/day,2.79E+11,mm^3/yr,Volume/Time
yd^3/hr,6.70E+12,mm^3/yr,Volume/Time
yd^3/sec,2.41E+16,mm^3/yr,Volume/Time
yd^3/yr,764554858.7,mm^3/yr,Volume/Time
yd^3/hr,24,yd^3/day,Volume/Time
yd^3/sec,86400,yd^3/day,Volume/Time
yd^3/yr,0.002737851,yd^3/day,Volume/Time
yd^3/sec,3600,yd^3/hr,Volume/Time
yd^3/yr,0.000114077,yd^3/hr,Volume/Time
yd^3/yr,3.17E-08,yd^3/sec,Volume/Time
